school,sex,age,address,famsize,Pstatus,Medu,Fedu,Mjob,Fjob,reason,guardian,traveltime,studytime,failures,schoolsup,famsup,paid,activities,nursery,higher,internet,romantic,famrel,freetime,goout,Dalc,Walc,health,absences,G1,G2,G3
GP,F,18,Urban,GT3,A,Higher,Higher,at_home,teacher,course,mother,2,20,0,1,0,0,0,1,1,0,0,Good,Medium,High,Very Low,Very Low,Average,4,0,11,11
GP,F,17,Urban,GT3,T,Primary,Primary,at_home,other,course,father,1,20,0,0,1,0,0,0,1,1,0,Excellent,Medium,Medium,Very Low,Very Low,Average,2,9,11,11
GP,F,15,Urban,LE3,T,Primary,Primary,at_home,other,other,mother,1,20,0,1,0,0,0,1,1,1,0,Good,Medium,Low,Low,Medium,Average,6,12,13,12
GP,F,15,Urban,GT3,T,Higher,Middle,health,services,home,mother,1,30,0,0,1,0,1,1,1,1,1,Neutral,Low,Low,Very Low,Very Low,Very Good,0,14,14,14
GP,F,16,Urban,GT3,T,Secondary,Secondary,other,other,home,father,1,20,0,0,1,0,0,1,1,0,0,Good,Medium,Low,Very Low,Low,Very Good,0,11,13,13
GP,M,16,Urban,LE3,T,Higher,Secondary,services,other,reputation,mother,1,20,0,0,1,0,1,1,1,1,0,Excellent,High,Low,Very Low,Low,Very Good,6,12,12,13
GP,M,16,Urban,LE3,T,Middle,Middle,other,other,home,mother,1,20,0,0,0,0,0,1,1,1,0,Good,High,High,Very Low,Very Low,Average,0,13,12,13
GP,F,17,Urban,GT3,A,Higher,Higher,other,teacher,home,mother,2,20,0,1,1,0,0,1,1,0,0,Good,Very Low,High,Very Low,Very Low,Very Bad,2,10,13,13
GP,M,15,Urban,LE3,A,Secondary,Middle,services,other,home,mother,1,20,0,0,1,0,0,1,1,1,0,Good,Low,Low,Very Low,Very Low,Very Bad,0,15,16,17
GP,M,15,Urban,GT3,T,Secondary,Higher,other,other,home,mother,1,20,0,0,1,0,1,1,1,1,0,Excellent,Very High,Very Low,Very Low,Very Low,Very Good,0,12,12,13
GP,F,15,Urban,GT3,T,Higher,Higher,teacher,health,reputation,mother,1,20,0,0,1,0,0,1,1,1,0,Neutral,Medium,Medium,Very Low,Low,Bad,2,14,14,14
GP,F,15,Urban,GT3,T,Middle,Primary,services,other,reputation,father,3,30,0,0,1,0,1,1,1,1,0,Excellent,Low,Low,Very Low,Very Low,Good,0,10,12,13
GP,M,15,Urban,LE3,T,Higher,Higher,health,services,course,father,1,10,0,0,1,0,1,1,1,1,0,Good,Medium,Medium,Very Low,Medium,Very Good,0,12,13,12
GP,M,15,Urban,GT3,T,Higher,Secondary,teacher,other,course,mother,2,20,0,0,1,0,0,1,1,1,0,Excellent,High,Medium,Very Low,Low,Average,0,12,12,13
GP,M,15,Urban,GT3,A,Middle,Middle,other,other,home,other,1,30,0,0,1,0,0,1,1,1,1,Good,Very High,Low,Very Low,Very Low,Average,0,14,14,15
GP,F,16,Urban,GT3,T,Higher,Higher,health,other,home,mother,1,10,0,0,1,0,0,1,1,1,0,Good,High,High,Very Low,Low,Bad,6,17,17,17
GP,F,16,Urban,GT3,T,Higher,Higher,services,services,reputation,mother,1,30,0,0,1,0,1,1,1,1,0,Neutral,Low,Medium,Very Low,Low,Bad,10,13,13,14
GP,F,16,Urban,GT3,T,Secondary,Secondary,other,other,reputation,mother,3,20,0,1,1,0,1,1,1,0,0,Excellent,Medium,Low,Very Low,Very Low,Good,2,13,14,14
GP,M,17,Urban,GT3,T,Secondary,Middle,services,services,course,mother,1,10,3,0,1,1,1,1,1,1,0,Excellent,Very High,Very High,Low,High,Very Good,2,8,8,7
GP,M,16,Urban,LE3,T,Higher,Secondary,health,other,home,father,1,10,0,0,0,0,1,1,1,1,0,Neutral,Very Low,Medium,Very Low,Medium,Very Good,6,12,12,12
GP,M,15,Urban,GT3,T,Higher,Secondary,teacher,other,reputation,mother,1,20,0,0,0,0,0,1,1,1,0,Good,High,Very Low,Very Low,Very Low,Very Bad,0,12,13,14
GP,M,15,Urban,GT3,T,Higher,Higher,health,health,other,father,1,10,0,0,1,1,0,1,1,1,0,Excellent,High,Low,Very Low,Very Low,Very Good,0,11,12,12
GP,M,16,Urban,LE3,T,Higher,Middle,teacher,other,course,mother,1,20,0,0,0,0,1,1,1,1,0,Good,Very High,Very Low,Very Low,Medium,Very Good,0,12,13,14
GP,M,16,Urban,LE3,T,Middle,Middle,other,other,reputation,mother,2,20,0,0,1,0,1,1,1,1,0,Excellent,High,High,Low,High,Very Good,2,10,10,10
GP,F,15,Rural,GT3,T,Middle,Higher,services,health,course,mother,1,30,0,1,1,0,1,1,1,1,0,Good,Medium,Low,Very Low,Very Low,Very Good,2,10,11,10
GP,F,16,Urban,GT3,T,Middle,Middle,services,services,home,mother,1,10,0,0,1,0,0,0,1,1,0,Very Bad,Low,Low,Very Low,Medium,Very Good,6,10,11,12
GP,M,15,Urban,GT3,T,Middle,Middle,other,other,home,mother,1,10,0,0,1,0,0,1,1,1,0,Good,Low,Low,Very Low,Low,Very Good,8,11,12,12
GP,M,15,Urban,GT3,T,Higher,Middle,health,services,other,mother,1,10,0,0,0,0,0,1,1,1,0,Bad,Low,High,Low,High,Very Bad,0,11,11,11
GP,M,16,Urban,LE3,A,Secondary,Higher,services,other,home,mother,1,20,0,1,1,1,1,1,1,1,0,Excellent,Medium,Medium,Very Low,Very Low,Very Good,2,12,12,13
GP,M,16,Urban,GT3,T,Higher,Higher,teacher,teacher,home,mother,1,20,0,0,1,1,1,1,1,1,1,Good,High,Very High,Very High,Very High,Very Good,4,12,11,12
GP,M,15,Urban,GT3,T,Higher,Higher,health,services,home,mother,1,20,0,0,1,1,0,0,1,1,0,Excellent,High,Low,Medium,High,Very Good,0,10,11,11
GP,M,15,Urban,GT3,T,Higher,Higher,services,services,reputation,mother,2,20,0,0,1,0,1,1,1,1,0,Good,Medium,Very Low,Very Low,Very Low,Very Good,2,15,15,15
GP,M,15,Rural,GT3,T,Higher,Secondary,teacher,at_home,course,mother,1,20,0,0,1,0,1,1,1,1,1,Good,Very High,Low,Very Low,Very Low,Very Good,0,13,14,15
GP,M,15,Urban,LE3,T,Secondary,Secondary,other,other,course,mother,1,20,0,0,0,0,1,0,1,1,0,Excellent,Medium,Low,Very Low,Very Low,Bad,0,13,12,12
GP,M,16,Urban,GT3,T,Secondary,Middle,other,other,home,mother,1,10,0,0,1,0,0,0,1,1,0,Excellent,High,Medium,Very Low,Very Low,Very Good,4,12,12,12
GP,F,15,Urban,GT3,T,Middle,Secondary,other,other,other,father,2,10,0,0,1,0,1,1,1,0,0,Neutral,Very High,Very Low,Very Low,Very Low,Very Good,4,11,11,11
GP,M,15,Urban,LE3,T,Higher,Secondary,teacher,services,home,mother,1,30,0,0,1,0,1,1,1,1,0,Excellent,High,Medium,Very Low,Very Low,Good,0,14,14,14
GP,M,16,Rural,GT3,A,Higher,Higher,other,teacher,reputation,mother,2,30,0,0,1,0,1,1,1,1,1,Bad,High,Medium,Very Low,Very Low,Very Good,4,13,13,13
GP,F,15,Rural,GT3,T,Secondary,Higher,services,health,course,mother,1,30,0,1,1,0,1,1,1,1,0,Good,Medium,Low,Very Low,Very Low,Very Good,2,11,12,12
GP,F,15,Rural,GT3,T,Middle,Middle,at_home,other,reputation,mother,1,10,0,1,1,0,1,1,1,0,0,Good,Medium,Very Low,Very Low,Very Low,Bad,8,14,13,12
GP,F,16,Urban,LE3,T,Middle,Middle,other,other,home,mother,2,20,0,0,1,0,1,0,1,1,1,Neutral,Medium,Medium,Very Low,Low,Average,16,11,11,10
GP,M,15,Urban,LE3,T,Higher,Higher,teacher,other,home,other,1,10,0,0,1,0,0,0,1,1,1,Excellent,High,Medium,Low,High,Very Good,8,10,11,11
GP,M,15,Urban,GT3,T,Higher,Higher,services,teacher,course,father,1,20,0,0,1,0,1,1,1,1,0,Good,Medium,Medium,Very Low,Very Low,Very Good,0,14,15,15
GP,M,15,Urban,GT3,T,Middle,Middle,services,services,course,father,1,10,0,1,1,0,0,1,1,1,0,Excellent,High,Very Low,Very Low,Very Low,Very Bad,0,9,10,10
GP,F,16,Urban,LE3,T,Middle,Middle,other,at_home,course,father,2,20,1,1,0,0,1,1,1,1,0,Good,Medium,Medium,Low,Low,Very Good,14,10,11,11
GP,F,15,Urban,LE3,A,Higher,Secondary,other,other,course,mother,1,20,0,1,1,1,1,1,1,1,1,Excellent,Low,Low,Very Low,Very Low,Very Good,4,10,11,11
GP,F,16,Urban,LE3,A,Secondary,Secondary,other,services,home,mother,1,20,0,0,1,0,0,1,1,1,0,Bad,Medium,Very High,Very Low,High,Average,6,13,12,13
GP,M,16,Urban,GT3,T,Higher,Secondary,health,services,reputation,mother,1,40,0,0,0,0,1,1,1,1,0,Good,Low,Low,Very Low,Very Low,Bad,2,17,17,17
GP,M,15,Urban,GT3,T,Higher,Middle,teacher,other,home,mother,1,20,0,0,1,0,0,1,1,0,0,Good,Medium,Medium,Low,Low,Very Good,4,11,12,13
GP,F,15,Urban,GT3,T,Higher,Higher,services,teacher,other,father,1,20,0,1,1,0,1,0,1,1,0,Good,High,High,Very Low,Very Low,Average,2,13,12,12
GP,F,16,Urban,LE3,T,Middle,Middle,services,services,course,mother,3,20,0,0,1,0,0,1,1,1,0,Good,Medium,Medium,Low,Medium,Good,0,14,13,13
GP,F,15,Urban,LE3,T,Higher,Middle,health,other,other,mother,1,20,0,0,1,0,0,1,1,1,0,Good,Medium,Medium,Very Low,Very Low,Very Good,0,16,14,16
GP,M,15,Urban,LE3,A,Higher,Middle,health,health,other,father,2,10,0,0,0,0,0,1,1,0,0,Excellent,Very High,Very High,Medium,High,Very Good,4,10,9,9
GP,F,15,Urban,GT3,T,Higher,Higher,services,services,course,mother,1,10,0,1,1,0,0,1,1,1,0,Neutral,Medium,High,Low,Medium,Very Good,0,13,12,12
GP,F,15,Urban,LE3,A,Secondary,Secondary,other,other,other,mother,1,10,0,0,0,0,0,1,1,1,0,Excellent,Medium,High,High,High,Very Bad,0,13,12,13
GP,F,16,Urban,GT3,A,Middle,Primary,other,other,other,mother,1,20,0,0,0,0,1,1,1,1,1,Excellent,Medium,High,Very Low,Very Low,Bad,2,12,13,12
GP,F,15,Urban,GT3,A,Higher,Secondary,services,services,reputation,mother,1,20,0,0,1,0,1,1,1,1,0,Good,Medium,Low,Very Low,Very Low,Very Bad,0,15,14,15
GP,M,15,Urban,GT3,T,Higher,Higher,teacher,health,reputation,mother,1,20,0,0,1,0,1,1,1,0,0,Neutral,Low,Low,Very Low,Very Low,Very Good,8,15,15,16
GP,M,15,Urban,LE3,T,Primary,Middle,other,at_home,home,father,1,20,0,1,1,0,1,1,1,1,0,Good,Medium,Low,Very Low,Very Low,Very Good,0,14,13,14
GP,F,16,Urban,GT3,T,Higher,Middle,services,other,course,mother,1,20,0,0,1,1,0,1,1,1,0,Good,Low,Medium,Very Low,Very Low,Very Good,2,16,15,16
GP,F,16,Rural,GT3,T,Higher,Higher,health,teacher,other,mother,1,20,0,0,1,0,1,1,1,0,0,Bad,High,High,Low,Medium,Good,0,17,16,16
GP,F,16,Urban,GT3,T,Primary,Primary,services,services,course,father,4,10,0,1,1,0,1,0,1,1,1,Excellent,Very High,Very High,Very High,Very High,Very Good,0,10,10,16
GP,F,16,Urban,LE3,T,Primary,Middle,other,services,reputation,father,1,20,0,1,0,0,1,1,1,1,0,Good,High,Medium,Very Low,Very Low,Very Bad,0,13,13,10
GP,F,16,Urban,GT3,T,Higher,Secondary,teacher,health,home,mother,1,30,0,1,1,0,1,1,1,1,0,Neutral,High,High,Low,High,Good,0,14,13,13
GP,F,15,Urban,LE3,T,Higher,Secondary,services,services,reputation,father,1,20,0,1,0,0,1,1,1,1,1,Good,High,High,Low,High,Bad,0,13,12,12
GP,F,16,Urban,LE3,T,Higher,Secondary,teacher,services,course,mother,3,20,0,0,1,0,1,1,1,1,0,Excellent,High,Medium,Very Low,Low,Very Bad,2,16,15,16
GP,M,15,Urban,GT3,A,Higher,Higher,other,services,reputation,mother,1,40,0,0,1,0,1,0,1,1,1,Very Bad,Medium,Medium,Very High,Very High,Average,0,11,12,12
GP,F,16,Urban,GT3,T,Secondary,Primary,services,other,course,mother,1,40,0,1,1,0,0,1,1,1,0,Good,Medium,Medium,Very Low,Low,Very Good,0,10,9,10
GP,F,15,Rural,LE3,T,Middle,Middle,health,services,reputation,mother,2,20,0,1,1,0,0,1,1,1,0,Good,Very Low,Medium,Very Low,Medium,Good,0,11,10,11
GP,F,15,Rural,LE3,T,Secondary,Primary,other,other,reputation,father,2,40,0,0,1,0,0,0,1,1,0,Good,High,Low,Low,Medium,Average,6,15,15,15
GP,M,16,Urban,GT3,T,Secondary,Primary,other,other,reputation,father,2,40,0,0,1,0,0,1,1,1,0,Good,Medium,Low,Very Low,Very Low,Very Good,2,13,11,11
GP,M,15,Urban,GT3,T,Higher,Middle,other,other,course,mother,1,40,0,0,0,0,0,1,1,1,0,Neutral,Medium,Medium,Very Low,Very Low,Average,0,11,9,10
GP,F,15,Rural,GT3,T,Primary,Primary,other,other,reputation,mother,1,20,0,1,1,0,0,0,1,1,1,Neutral,Medium,High,Low,High,Very Good,2,13,11,11
GP,M,16,Urban,GT3,T,Secondary,Primary,other,other,reputation,mother,1,10,0,0,0,0,1,1,1,0,0,Excellent,Medium,Low,Low,Low,Very Good,0,13,13,14
GP,F,16,Urban,GT3,T,Secondary,Secondary,other,services,home,mother,1,20,0,1,1,0,1,1,1,1,0,Good,Medium,Medium,Low,High,Very Good,4,11,11,11
GP,M,15,Urban,GT3,T,Higher,Secondary,teacher,other,home,mother,1,20,0,0,1,0,1,1,1,1,0,Good,Medium,Medium,Low,Medium,Very Good,0,11,11,11
GP,M,15,Urban,GT3,T,Higher,None,teacher,other,course,mother,2,40,0,0,0,0,1,1,1,1,0,Neutral,High,Medium,Very Low,Very Low,Very Bad,0,12,11,11
GP,F,16,Urban,GT3,T,Middle,Middle,other,other,reputation,mother,1,40,0,0,0,0,0,1,1,1,1,Excellent,Low,Medium,Very Low,Medium,Average,1,13,13,13
GP,M,17,Urban,GT3,T,Middle,Primary,other,other,home,mother,2,10,3,1,1,0,1,1,0,1,0,Good,Very High,Very Low,Very Low,Very Low,Average,0,9,9,10
GP,F,16,Urban,GT3,T,Secondary,Higher,at_home,other,course,mother,1,20,0,0,1,0,0,1,1,1,0,Bad,High,Medium,Very Low,Low,Average,14,12,11,11
GP,M,15,Urban,GT3,T,Middle,Secondary,other,services,course,father,1,10,0,1,1,0,1,0,1,1,1,Neutral,Low,Low,Very Low,Medium,Average,0,11,11,12
GP,M,15,Urban,GT3,T,Middle,Secondary,other,other,home,mother,1,30,0,1,0,0,0,0,1,1,0,Excellent,Medium,Low,Very Low,Low,Very Good,2,10,9,9
GP,F,15,Urban,LE3,T,Secondary,Middle,services,other,reputation,mother,1,20,0,0,1,0,0,1,1,1,0,Good,High,High,Very Low,Very Low,Very Good,4,12,11,11
GP,M,15,Urban,LE3,T,Middle,Middle,services,services,home,mother,2,20,0,0,0,1,1,1,1,1,0,Excellent,Medium,Medium,Very Low,Medium,Good,2,13,12,13
GP,F,15,Urban,GT3,T,Primary,Primary,other,other,home,father,1,20,0,0,1,0,1,0,1,1,0,Good,Medium,Low,Low,Medium,Good,2,13,12,12
GP,F,15,Urban,GT3,T,Higher,Higher,services,services,reputation,father,2,20,0,0,0,0,0,1,1,1,1,Good,High,High,Low,Medium,Very Good,4,12,11,12
GP,F,16,Urban,LE3,T,Middle,Middle,at_home,other,course,mother,1,20,0,0,1,0,0,1,1,0,0,Good,Medium,High,Very Low,Low,Bad,6,13,11,11
GP,F,15,Urban,GT3,T,Higher,Middle,other,other,reputation,mother,1,30,0,0,1,0,1,1,1,1,0,Excellent,Medium,Medium,Very Low,Medium,Very Bad,4,15,15,15
GP,M,16,Urban,GT3,T,Middle,Middle,services,other,reputation,father,2,20,0,0,0,0,1,0,1,1,0,Good,High,Low,Very Low,Very Low,Average,6,12,10,11
GP,M,16,Urban,LE3,A,Higher,Higher,teacher,health,reputation,mother,1,20,0,0,1,0,0,1,1,0,0,Good,Very Low,Medium,Medium,Very High,Very Good,6,9,9,10
GP,F,16,Urban,GT3,T,Secondary,Secondary,other,other,home,mother,1,30,0,0,1,0,0,1,1,1,1,Good,Medium,Medium,Very Low,Medium,Good,2,9,11,11
GP,F,15,Urban,GT3,T,Higher,Secondary,services,other,reputation,mother,1,10,0,0,0,0,1,1,1,1,0,Good,Very High,Very High,Very Low,Medium,Very Bad,6,14,13,13
GP,F,16,Urban,LE3,T,Secondary,Primary,other,other,home,father,1,20,0,1,1,0,0,1,1,0,0,Neutral,Medium,Medium,Low,Medium,Bad,0,12,13,12
GP,F,16,Urban,GT3,T,Higher,Middle,teacher,services,home,mother,2,20,0,0,1,0,1,1,1,1,0,Excellent,Medium,Medium,Very Low,Very Low,Very Bad,2,13,14,14
GP,M,15,Urban,LE3,T,Middle,Middle,services,health,reputation,mother,1,40,0,0,1,0,1,1,1,1,0,Good,Medium,High,Very Low,Very Low,Good,2,11,12,12
GP,F,15,Rural,GT3,T,Primary,Primary,at_home,other,home,mother,2,40,0,1,1,1,1,1,1,1,0,Neutral,Very Low,Low,Very Low,Very Low,Very Bad,4,13,13,13
GP,M,16,Rural,GT3,T,Higher,Secondary,services,other,reputation,mother,2,10,0,1,1,1,1,0,1,1,0,Neutral,Medium,Medium,Very Low,Very Low,Good,6,9,11,11
GP,F,16,Urban,GT3,T,Middle,Primary,other,other,course,mother,1,20,0,0,1,0,0,1,1,0,1,Good,Medium,Very High,Very Low,Very Low,Very Good,0,13,12,12
GP,F,16,Urban,GT3,T,Higher,Higher,other,other,reputation,mother,1,10,0,0,0,0,1,0,1,1,0,Excellent,Medium,High,Very Low,Low,Very Bad,4,12,13,13
GP,F,16,Urban,GT3,T,Higher,Secondary,other,at_home,course,mother,1,30,0,1,1,0,0,1,1,1,0,Excellent,Medium,Very High,Very Low,Very Low,Average,2,12,13,13
GP,M,16,Urban,GT3,T,Higher,Higher,services,services,other,mother,1,10,0,1,1,0,1,1,1,1,0,Good,Very High,Very High,Very High,Very High,Good,12,9,9,8
GP,M,16,Urban,GT3,T,Higher,Higher,services,teacher,other,father,1,30,0,0,1,0,1,1,1,1,1,Good,High,Medium,Very Low,Very Low,Good,0,16,16,16
GP,M,15,Urban,GT3,T,Higher,Higher,services,other,course,mother,1,10,0,0,1,1,1,0,1,1,0,Excellent,Medium,Medium,Very Low,Very Low,Very Good,2,12,13,12
GP,F,15,Urban,GT3,T,Secondary,Middle,services,other,home,mother,2,20,0,1,1,0,0,1,1,1,0,Good,Medium,Very High,Very Low,Very Low,Bad,16,11,10,10
GP,M,15,Urban,GT3,A,Secondary,Higher,services,other,course,mother,1,20,0,0,1,0,1,1,1,1,0,Excellent,High,High,Very Low,Very Low,Very Bad,0,16,16,16
GP,F,15,Urban,GT3,A,Secondary,Secondary,other,health,reputation,father,1,40,0,1,0,0,0,1,1,0,0,Good,Medium,Medium,Very Low,Very Low,Good,10,10,10,10
GP,F,15,Urban,GT3,T,Middle,Middle,other,other,course,mother,1,40,0,1,1,0,0,1,1,1,0,Excellent,Very Low,Low,Very Low,Very Low,Average,4,10,10,10
GP,M,16,Urban,GT3,T,Secondary,Secondary,services,other,home,father,1,30,0,0,1,0,1,1,1,1,0,Excellent,Medium,Medium,Very Low,Very Low,Very Good,4,13,14,14
GP,M,15,Rural,GT3,T,Higher,Higher,other,other,home,father,4,40,0,0,1,0,1,1,1,1,1,Very Bad,Medium,Very High,Medium,Very High,Very Bad,8,12,10,11
GP,F,16,Urban,LE3,T,Higher,Higher,health,health,other,mother,1,30,0,0,1,0,1,1,1,1,1,Excellent,High,Very High,Very Low,Very Low,Good,2,15,15,14
GP,M,15,Urban,LE3,A,Higher,Higher,teacher,teacher,course,mother,1,10,0,0,0,0,1,1,1,1,0,Excellent,Very High,Medium,Very Low,Very Low,Good,4,13,14,14
GP,F,16,Rural,GT3,T,Secondary,Secondary,services,other,reputation,father,1,30,0,1,1,0,1,1,1,1,0,Good,Very Low,Low,Very Low,Very Low,Bad,4,11,11,11
GP,F,16,Urban,GT3,T,Middle,Middle,at_home,other,home,mother,1,20,1,1,0,0,1,1,1,1,0,Neutral,Very Low,Low,Very Low,Very Low,Very Good,12,8,10,10
GP,M,15,Urban,LE3,T,Higher,Middle,teacher,other,course,mother,1,10,0,0,0,0,0,1,1,1,0,Neutral,Very High,Low,Very Low,Very Low,Average,10,18,17,18
GP,M,15,Rural,GT3,T,Middle,Primary,health,services,reputation,mother,1,20,0,0,0,0,1,1,1,1,1,Excellent,High,Low,Very Low,Very Low,Very Good,4,10,9,10
GP,M,16,Urban,GT3,T,Higher,Higher,teacher,teacher,course,father,1,20,0,0,1,0,1,1,1,1,0,Excellent,High,High,Very Low,Low,Very Good,6,16,14,14
GP,M,15,Urban,GT3,T,Higher,Higher,other,teacher,reputation,father,2,20,0,0,1,0,1,1,1,0,0,Good,High,Medium,Very Low,Very Low,Bad,4,16,15,16
GP,M,16,Urban,GT3,T,Secondary,Secondary,other,services,home,father,2,10,0,0,0,0,1,1,1,1,0,Excellent,High,Low,Very Low,Very Low,Very Good,6,14,14,15
GP,M,17,Rural,GT3,T,Primary,Secondary,other,other,course,father,3,20,1,0,1,0,1,1,1,1,0,Excellent,Low,High,Very Low,High,Very Good,14,12,11,11
GP,M,15,Urban,GT3,T,Secondary,Higher,other,other,reputation,father,1,10,0,0,0,0,0,1,1,1,0,Neutral,High,Medium,Very Low,Low,Good,2,14,13,14
GP,F,15,Urban,GT3,T,Primary,Middle,at_home,services,course,mother,1,20,0,0,0,0,0,0,1,1,0,Neutral,Low,Medium,Very Low,Low,Very Bad,0,14,14,14
GP,M,15,Urban,GT3,T,Middle,Middle,services,services,home,father,1,40,0,0,1,0,1,1,1,1,0,Excellent,Very High,High,Very Low,Low,Very Good,6,14,13,13
GP,F,16,Urban,LE3,T,Middle,Higher,other,health,course,father,2,20,0,0,1,0,1,1,1,1,1,Good,Low,Low,Very Low,Low,Very Good,2,14,12,13
GP,M,16,Urban,GT3,T,Higher,Higher,health,other,course,mother,1,10,0,0,1,0,1,1,1,1,0,Neutral,High,High,Very Low,High,Very Good,4,12,13,13
GP,F,16,Urban,GT3,T,Middle,Middle,other,other,home,mother,1,20,0,0,0,0,0,1,1,1,1,Excellent,High,High,Very Low,Very Low,Very Good,0,12,11,11
GP,M,15,Urban,GT3,T,Secondary,Higher,services,services,home,father,1,10,0,1,0,0,0,1,1,1,0,Excellent,Very High,Very High,Medium,Low,Very Good,2,9,9,9
GP,F,15,Urban,LE3,A,Secondary,Higher,other,other,home,mother,1,20,0,1,0,0,1,1,1,1,1,Excellent,Medium,Low,Very Low,Very Low,Very Bad,0,10,11,11
GP,F,19,Urban,GT3,T,None,Primary,at_home,other,course,other,1,20,2,0,1,0,0,0,0,0,0,Neutral,High,Low,Very Low,Very Low,Very Good,0,9,10,11
GP,M,16,Rural,GT3,T,Higher,Higher,teacher,teacher,course,mother,1,10,0,0,0,0,1,1,1,1,0,Neutral,Very High,Very High,Low,Very High,Good,8,14,14,15
GP,M,16,Urban,GT3,T,Middle,Secondary,other,other,course,mother,2,30,0,0,1,0,0,0,1,1,1,Neutral,Low,Medium,Low,Low,Very Bad,4,13,12,13
GP,F,15,Rural,GT3,T,Secondary,Higher,services,teacher,course,father,2,30,0,0,1,0,0,1,1,1,1,Good,Low,Low,Low,Low,Very Good,0,10,11,12
GP,F,18,Urban,GT3,T,Middle,Primary,services,other,reputation,mother,1,20,3,0,1,0,1,1,0,1,1,Excellent,High,Very High,Very Low,Medium,Very Good,10,10,9,8
GP,F,17,Urban,LE3,A,Middle,Primary,other,other,course,mother,3,10,0,0,1,0,0,1,1,1,0,Neutral,Low,Low,Very Low,Low,Very Good,8,11,10,11
GP,F,15,Urban,GT3,T,Primary,Primary,at_home,other,course,mother,3,10,0,0,1,0,1,0,1,1,1,Good,Medium,Medium,Very Low,Low,Good,6,11,12,13
GP,F,17,Urban,LE3,T,Middle,Middle,other,other,course,father,1,10,0,0,1,0,0,1,1,1,1,Neutral,High,High,Very Low,Medium,Very Good,2,13,12,12
GP,F,16,Urban,GT3,A,Secondary,Higher,services,other,course,father,1,10,0,0,0,0,0,1,1,1,0,Neutral,Low,Very Low,Very Low,High,Very Good,12,15,13,14
GP,M,16,Urban,GT3,T,Middle,Primary,at_home,other,course,mother,4,10,0,0,0,0,0,1,1,0,0,Neutral,Low,Very Low,Very Low,Very Low,Bad,4,9,9,11
GP,F,16,Urban,GT3,A,Middle,Middle,other,other,home,mother,1,10,1,0,0,0,0,1,1,0,0,Excellent,Medium,High,Very Low,Very Low,Very Good,12,13,11,11
GP,M,15,Rural,GT3,T,Secondary,Higher,at_home,teacher,course,mother,4,20,0,0,1,0,0,1,1,0,1,Excellent,Medium,Medium,Very Low,Very Low,Very Good,2,12,11,11
GP,F,15,Urban,GT3,T,Higher,Higher,services,at_home,course,mother,1,30,0,0,1,0,1,1,1,1,1,Good,Medium,Medium,Very Low,Very Low,Very Good,4,13,14,15
GP,M,17,Rural,GT3,T,Secondary,Higher,at_home,other,course,mother,3,20,0,0,0,0,0,1,1,0,0,Excellent,High,Very High,Low,High,Very Good,2,10,9,10
GP,F,16,Rural,GT3,T,Primary,Primary,at_home,other,course,mother,4,20,0,0,1,0,0,1,1,0,0,Excellent,Very Low,Medium,Very Low,Very Low,Average,0,14,13,13
GP,M,18,Urban,LE3,T,Secondary,Primary,services,services,course,mother,2,10,0,0,0,0,1,1,1,1,1,Neutral,Medium,High,High,Very High,Good,2,11,11,12
GP,F,18,Urban,GT3,A,Secondary,Middle,other,services,course,other,1,30,0,0,1,0,1,0,1,1,1,Good,Medium,Medium,Very High,Very Low,Very Good,10,12,11,11
GP,F,16,Rural,GT3,T,Primary,Primary,other,services,reputation,mother,2,10,0,0,1,0,1,1,1,0,1,Neutral,Medium,Medium,Very Low,Low,Very Bad,8,12,11,11
GP,F,16,Urban,GT3,A,Secondary,Secondary,other,other,course,other,2,10,0,0,1,0,1,0,1,1,1,Good,Medium,Low,Very Low,Very Low,Very Good,4,9,9,10
GP,M,16,Urban,LE3,T,Primary,Primary,services,other,course,mother,1,20,2,0,0,0,0,1,1,0,1,Good,High,High,Very Low,Medium,Very Good,0,10,10,10
GP,F,15,Urban,GT3,T,Higher,Higher,teacher,teacher,course,mother,2,10,0,0,0,0,1,1,1,1,0,Good,Medium,Low,Very Low,Very Low,Very Good,6,13,14,14
GP,F,15,Rural,GT3,T,Primary,Primary,other,other,course,mother,3,10,1,0,0,0,1,1,1,1,1,Excellent,Very High,Very High,Very Low,Very Low,Very Bad,2,8,9,9
GP,M,15,Urban,GT3,T,Higher,Secondary,teacher,services,course,father,2,40,0,1,1,0,0,1,1,1,0,Bad,Low,Low,Very Low,Very Low,Average,6,9,11,11
GP,F,15,Urban,GT3,A,Secondary,Secondary,services,services,home,mother,1,20,0,0,0,0,0,0,1,0,1,Very Bad,Medium,Low,Low,Medium,Very Bad,24,9,8,9
GP,M,16,Urban,GT3,T,Higher,Higher,services,services,course,mother,1,30,0,0,1,0,1,1,1,1,0,Excellent,Medium,Medium,Very Low,Medium,Very Good,0,15,13,13
GP,M,16,Urban,LE3,T,Middle,Middle,services,services,reputation,father,2,10,0,0,1,0,1,1,1,1,0,Bad,Medium,Medium,Low,Low,Bad,4,12,11,11
GP,F,15,Urban,GT3,T,Higher,Higher,teacher,services,course,mother,1,30,0,0,1,0,1,1,1,1,0,Good,Low,Low,Very Low,Very Low,Very Good,2,13,13,13
GP,F,16,Urban,LE3,T,Primary,Primary,at_home,at_home,course,mother,1,10,0,0,0,0,0,1,1,1,0,Neutral,High,High,Medium,Medium,Very Bad,4,10,11,11
GP,M,17,Urban,GT3,T,Middle,Primary,other,other,home,mother,1,10,0,0,1,0,0,1,1,1,0,Excellent,High,Very High,Very Low,Low,Very Good,22,9,7,6
GP,F,15,Urban,GT3,T,Primary,Primary,other,services,course,father,1,20,0,0,1,0,0,1,1,1,0,Good,High,Low,Very Low,Low,Very Good,0,12,12,12
GP,F,15,Urban,LE3,A,Middle,Primary,at_home,other,home,mother,2,10,0,0,1,0,1,1,0,1,1,Good,High,Low,Very Low,Very Low,Very Good,0,11,10,10
GP,F,15,Urban,GT3,T,Secondary,Middle,health,services,home,father,1,20,1,0,1,0,0,1,1,1,0,Neutral,Medium,Low,Very Low,Very Low,Average,2,11,11,11
GP,F,15,Urban,GT3,T,Primary,Middle,at_home,other,course,mother,1,20,0,0,1,0,0,0,1,1,0,Good,Medium,Low,Very Low,Very Low,Very Good,6,13,12,13
GP,F,15,Urban,GT3,T,Primary,Middle,at_home,services,course,father,1,20,0,0,0,0,0,0,1,0,1,Bad,Medium,High,Low,High,Very Bad,6,11,11,11
GP,M,16,Urban,GT3,T,Higher,Higher,teacher,teacher,course,mother,1,10,0,0,1,0,0,1,0,1,1,Neutral,Medium,Low,Low,Very Low,Very Good,16,9,9,8
GP,M,15,Urban,LE3,A,Middle,Primary,services,other,course,mother,4,10,0,0,0,0,0,1,1,1,0,Good,Very High,Very High,Low,Very High,Very Good,0,12,11,11
GP,M,18,Urban,LE3,T,Primary,Primary,other,other,course,mother,1,10,2,0,0,0,0,1,0,1,1,Bad,Medium,Very High,Low,Very High,Good,0,11,9,0
GP,M,16,Urban,LE3,T,Middle,Primary,at_home,other,course,mother,1,10,1,0,0,0,1,1,1,0,1,Good,High,High,Medium,Very High,Very Good,6,9,10,10
GP,F,15,Rural,GT3,T,Secondary,Secondary,services,services,reputation,other,2,30,0,0,1,1,1,1,1,1,1,Good,Low,Very Low,Low,Medium,Average,2,13,13,13
GP,M,19,Urban,GT3,T,Secondary,Middle,services,at_home,home,mother,1,10,0,0,1,0,0,1,0,1,1,Good,Very High,High,Very Low,Very Low,Good,6,11,9,11
GP,F,17,Urban,GT3,T,Higher,Higher,other,teacher,course,mother,1,10,0,1,1,0,0,1,1,0,1,Good,Low,Very Low,Very Low,Very Low,Good,0,13,13,13
GP,M,15,Rural,GT3,T,Middle,Secondary,at_home,services,course,mother,1,20,0,1,0,1,1,1,1,0,0,Good,High,High,Very Low,Very Low,Very Bad,0,7,8,8
GP,M,17,Rural,LE3,T,Primary,Middle,other,other,reputation,mother,1,10,3,0,0,0,0,1,1,0,0,Bad,Low,Low,Medium,Medium,Very Good,14,9,8,10
GP,F,18,Rural,GT3,T,Primary,Primary,at_home,other,course,mother,3,10,3,0,1,0,1,0,1,0,0,Excellent,Low,Very High,Very Low,Very High,Good,6,11,10,11
GP,M,16,Rural,GT3,T,Middle,Middle,at_home,other,course,mother,3,10,0,0,0,0,0,0,1,0,0,Good,Low,Low,Very Low,Low,Average,4,12,10,11
GP,M,16,Urban,GT3,T,Secondary,Secondary,other,services,course,father,1,20,1,0,1,0,0,1,1,1,1,Good,Very High,Very High,High,High,Very Good,0,10,10,1
GP,M,16,Urban,LE3,T,Primary,Middle,health,services,course,mother,2,10,2,0,0,0,0,0,1,1,0,Good,High,Very High,Medium,Very High,Very Good,0,9,8,10
GP,M,17,Rural,LE3,T,Middle,Primary,at_home,other,course,mother,2,10,1,0,0,1,1,1,0,1,1,Neutral,Medium,Low,Low,Low,Very Good,8,8,8,9
GP,M,17,Rural,GT3,T,Secondary,Middle,other,other,course,mother,2,20,2,1,1,0,0,1,1,1,1,Good,High,High,Very Low,High,Average,4,7,6,8
GP,M,15,Urban,LE3,T,Primary,Middle,other,other,course,mother,2,10,0,0,0,0,1,1,1,0,0,Good,High,High,Low,High,Very Good,2,8,9,10
GP,M,16,Urban,GT3,T,Primary,Secondary,at_home,services,course,father,1,10,1,0,0,0,0,1,0,1,0,Excellent,Medium,Medium,Very Low,High,Bad,2,9,8,8
GP,M,17,Rural,LE3,T,Primary,Primary,other,services,course,mother,4,20,0,0,0,0,1,1,0,0,1,Excellent,Medium,Very High,Very Low,Very High,Very Good,0,8,8,8
GP,M,17,Urban,GT3,T,Secondary,Middle,services,services,course,mother,2,10,3,0,1,0,1,0,0,0,0,Good,Very High,Low,Very Low,Very Low,Bad,10,8,7,8
GP,M,16,Urban,GT3,T,Middle,Middle,other,other,course,father,1,20,0,0,0,0,0,1,0,1,0,Good,Medium,Very High,Low,High,Good,0,9,10,11
GP,F,16,Urban,GT3,T,Higher,Middle,health,services,home,father,1,20,0,0,0,0,0,1,1,1,1,Good,Low,Medium,Very Low,Very Low,Average,0,17,17,18
GP,F,16,Urban,GT3,T,Middle,Middle,other,other,home,mother,1,20,0,0,1,0,0,0,1,1,0,Excellent,Very Low,Very High,Very Low,Very Low,Good,0,12,12,13
GP,F,16,Urban,GT3,T,Higher,Higher,health,health,reputation,mother,1,20,0,0,1,0,0,1,1,1,1,Good,High,Low,Very Low,Very Low,Average,0,16,16,17
GP,M,16,Urban,GT3,T,Secondary,Higher,other,other,course,father,3,10,1,0,1,0,1,0,1,1,0,Neutral,High,Very High,Low,High,Bad,4,9,9,10
GP,M,16,Urban,GT3,T,Primary,None,other,other,reputation,mother,2,20,0,0,1,0,1,1,1,1,1,Good,Medium,Low,Very Low,Very Low,Average,0,16,17,18
GP,M,17,Urban,LE3,T,Higher,Higher,teacher,other,reputation,mother,1,20,0,0,1,0,1,1,1,1,0,Good,High,High,Very Low,Medium,Very Good,0,11,9,10
GP,F,16,Urban,GT3,T,Primary,Secondary,at_home,services,home,mother,1,20,0,0,0,0,1,0,1,1,1,Good,Medium,Very High,Very Low,Very Low,Average,0,14,13,13
GP,F,16,Urban,LE3,T,Secondary,Secondary,other,other,reputation,mother,2,20,0,0,1,0,1,1,1,1,0,Good,High,Very High,Very Low,Very Low,Good,0,14,14,15
GP,M,17,Urban,LE3,T,Higher,Secondary,teacher,other,course,mother,2,20,0,0,0,0,1,1,1,1,0,Good,High,High,High,High,Good,0,10,11,11
GP,F,16,Urban,GT3,T,Middle,Middle,services,other,reputation,mother,2,20,0,0,0,0,1,0,1,1,0,Neutral,High,High,Very Low,High,Very Good,0,13,12,14
GP,M,17,Urban,GT3,T,Secondary,Secondary,other,other,reputation,father,1,20,0,0,0,0,1,0,1,1,0,Good,Medium,High,Very Low,High,Good,4,11,9,10
GP,M,16,Rural,GT3,T,Higher,Middle,teacher,services,other,mother,1,10,0,0,1,0,1,1,1,1,1,Good,Medium,Medium,Medium,High,Average,8,10,9,11
GP,M,17,Urban,GT3,T,Higher,Secondary,other,other,course,mother,1,20,0,0,1,1,1,1,1,1,1,Excellent,Low,Medium,Very Low,Very Low,Bad,4,11,11,13
GP,M,16,Urban,GT3,T,Higher,Secondary,teacher,other,home,mother,1,20,0,0,1,1,1,1,1,1,0,Neutral,High,Medium,Low,Medium,Average,4,11,10,11
GP,M,16,Urban,GT3,T,Secondary,Secondary,services,other,home,mother,1,20,0,0,0,0,1,1,1,1,1,Good,Low,Medium,Very Low,Low,Average,0,11,12,13
GP,F,17,Urban,GT3,T,Middle,Higher,services,services,reputation,father,1,20,0,0,1,0,1,1,1,0,0,Excellent,High,Low,Low,Medium,Very Good,0,17,18,17
GP,F,17,Urban,LE3,T,Secondary,Secondary,other,other,reputation,mother,1,20,0,0,1,0,1,1,1,1,1,Excellent,Medium,Medium,Low,Medium,Very Bad,32,14,13,14
GP,F,16,Urban,GT3,T,Secondary,Middle,other,other,reputation,mother,1,20,0,0,1,0,0,1,1,1,0,Very Bad,Low,Low,Very Low,Low,Very Bad,8,14,15,16
GP,M,17,Urban,GT3,T,Secondary,Secondary,services,services,other,mother,1,20,0,0,1,0,1,1,1,1,1,Good,Medium,High,Low,Medium,Good,6,11,13,14
GP,M,16,Urban,GT3,T,Primary,Middle,services,services,other,mother,1,10,0,0,1,0,1,1,1,1,1,Neutral,Medium,Medium,Very Low,Low,Average,0,10,9,11
GP,M,16,Urban,LE3,T,Middle,Primary,other,other,course,mother,1,20,0,0,0,0,1,1,1,1,1,Good,Low,Medium,Very Low,Low,Very Good,0,13,14,16
GP,F,17,Urban,GT3,A,Secondary,Secondary,health,other,reputation,mother,1,20,0,0,1,0,0,0,1,1,1,Neutral,Medium,Medium,Very Low,Medium,Average,10,12,13,14
GP,M,17,Rural,GT3,T,Primary,Middle,at_home,other,home,mother,1,20,0,0,0,0,0,1,1,0,0,Neutral,Very Low,Medium,Very Low,Very High,Average,6,9,9,10
GP,F,16,Urban,GT3,T,Middle,Secondary,services,services,course,mother,1,20,0,0,0,0,0,1,1,1,0,Good,Medium,Medium,Very Low,Very Low,Bad,6,12,12,13
GP,F,17,Urban,GT3,T,Primary,Primary,at_home,services,course,mother,1,20,0,0,0,0,1,1,1,1,0,Excellent,Medium,Medium,Very Low,Very Low,Average,0,12,11,12
GP,M,17,Urban,GT3,T,Primary,Middle,at_home,services,other,other,2,20,0,0,0,0,1,0,1,1,0,Good,High,High,High,Very High,Very Good,16,10,11,12
GP,M,16,Rural,GT3,T,Secondary,Secondary,services,services,reputation,mother,1,10,0,0,1,0,1,1,1,1,0,Good,Medium,Low,Medium,High,Very Good,0,11,10,10
GP,M,16,Urban,GT3,T,Middle,Secondary,other,other,home,father,2,10,0,0,0,0,0,1,1,1,0,Excellent,Medium,Medium,Very Low,Very Low,Average,0,13,12,12
GP,F,17,Urban,LE3,T,Middle,Higher,services,services,course,father,1,20,0,0,0,0,1,1,1,1,1,Good,Medium,Low,Very Low,Very Low,Very Good,8,14,15,16
GP,M,17,Urban,GT3,T,Higher,Higher,services,teacher,home,mother,1,10,0,0,0,0,0,1,1,1,0,Excellent,Low,Medium,Very Low,Low,Very Good,4,13,13,14
GP,M,16,Rural,LE3,T,Secondary,Secondary,teacher,other,home,father,3,10,0,0,1,0,1,1,1,1,0,Neutral,Medium,High,Medium,Very High,Average,16,10,11,12
GP,F,17,Urban,GT3,T,Higher,Higher,services,teacher,home,mother,2,10,1,0,1,0,0,1,1,1,0,Good,Low,High,Low,Medium,Bad,30,14,15,16
GP,F,16,Urban,LE3,T,Higher,Higher,teacher,teacher,reputation,mother,1,20,0,0,1,0,0,1,1,1,0,Good,Very High,Low,Very Low,Low,Average,0,11,10,11
GP,F,16,Urban,GT3,T,Higher,Secondary,health,other,home,mother,1,20,0,0,1,0,1,1,1,1,0,Good,Medium,Very High,Very Low,Very High,Bad,2,14,14,15
GP,F,16,Urban,GT3,T,Middle,Secondary,other,other,reputation,mother,1,20,0,1,1,0,1,1,1,0,0,Good,High,Medium,Very Low,Medium,Good,4,11,12,12
GP,F,17,Urban,GT3,T,Primary,Primary,other,other,course,mother,1,20,0,0,1,0,0,0,1,0,0,Good,High,High,Very Low,Medium,Very Bad,0,14,15,15
GP,F,17,Rural,GT3,T,Middle,Middle,other,other,reputation,mother,1,10,0,0,1,0,0,1,1,1,0,Excellent,Medium,Low,Very Low,Low,Average,21,13,13,13
GP,F,16,Rural,GT3,T,Middle,Middle,services,services,reputation,mother,2,40,0,0,1,0,1,0,1,1,0,Excellent,Medium,Very High,Very Low,Very Low,Very Good,6,13,13,13
GP,F,17,Urban,GT3,T,Secondary,Higher,at_home,services,home,mother,1,30,1,0,1,1,0,1,1,1,1,Good,High,Medium,Medium,High,Very Good,14,8,9,8
GP,F,16,Urban,GT3,A,Secondary,Primary,services,other,course,mother,1,20,0,0,1,0,0,1,1,1,0,Bad,Medium,Medium,Low,Low,Good,2,11,11,12
GP,F,16,Urban,GT3,T,Higher,Secondary,teacher,other,other,mother,1,20,0,0,0,0,1,1,1,1,1,Very Bad,Medium,Low,Very Low,Very Low,Very Bad,4,14,15,15
GP,F,16,Urban,GT3,T,Primary,Primary,at_home,other,home,mother,2,10,0,0,1,0,0,1,1,0,0,Good,Medium,Low,Very Low,High,Very Good,2,12,13,13
GP,F,17,Rural,GT3,T,Higher,Secondary,teacher,other,reputation,mother,2,30,0,0,1,0,1,1,1,1,1,Good,High,Low,Very Low,Very Low,Good,0,11,12,12
GP,F,19,Urban,GT3,T,Secondary,Secondary,other,other,reputation,other,1,40,0,0,1,0,1,1,1,1,0,Good,Medium,Medium,Very Low,Low,Average,4,12,12,12
GP,M,17,Urban,LE3,T,Higher,Higher,services,other,home,mother,1,20,0,0,1,0,0,1,1,1,1,Excellent,Medium,Very High,High,Very High,Average,15,13,12,12
GP,F,16,Urban,GT3,A,Middle,Middle,other,other,reputation,mother,1,20,0,1,1,0,0,1,1,1,0,Neutral,Medium,High,Very Low,Very Low,Good,0,13,13,13
GP,M,18,Urban,GT3,T,Middle,Middle,services,other,home,mother,1,20,0,0,1,0,1,1,1,1,0,Good,High,High,Low,High,Very Good,10,12,11,11
GP,F,17,Rural,LE3,T,Higher,Higher,services,other,other,mother,1,10,0,0,1,0,0,1,1,0,0,Excellent,Low,Very Low,Very Low,Low,Average,6,12,11,11
GP,F,17,Urban,LE3,T,Secondary,Middle,other,other,reputation,mother,2,20,0,0,0,0,0,1,1,1,0,Good,High,High,Very Low,Medium,Very Bad,2,14,16,15
GP,F,17,Urban,GT3,T,Higher,Secondary,other,other,reputation,mother,1,20,0,0,0,0,0,1,1,1,1,Neutral,High,Very High,Low,High,Very Bad,16,11,9,10
GP,M,18,Urban,LE3,T,Secondary,Secondary,services,health,home,father,1,20,0,0,1,0,0,1,1,1,0,Neutral,Low,High,Low,High,Good,10,10,10,10
GP,F,17,Urban,GT3,T,Middle,Secondary,at_home,other,home,father,2,10,0,0,1,0,0,1,1,0,0,Neutral,Medium,Medium,Very Low,High,Average,4,12,13,13
GP,F,17,Urban,GT3,T,Middle,Middle,at_home,at_home,course,mother,1,30,0,0,1,0,1,1,1,1,0,Good,Medium,Medium,Very Low,Very Low,Good,0,12,12,13
GP,F,17,Rural,GT3,T,Middle,Primary,at_home,services,reputation,mother,2,20,0,0,1,0,1,1,1,1,0,Good,Low,Very High,Very Low,Low,Very Good,0,11,10,11
GP,F,17,Urban,GT3,T,Primary,Primary,at_home,other,reputation,mother,1,30,0,0,1,0,1,1,1,0,1,Good,Medium,High,Very Low,Very Low,Very Good,12,12,12,12
GP,F,16,Urban,GT3,T,Middle,Secondary,services,teacher,other,mother,1,20,0,1,0,0,0,1,1,1,0,Bad,Medium,Very Low,Very Low,Very Low,Average,0,13,13,14
GP,M,18,Urban,GT3,T,Middle,Middle,other,other,home,mother,2,20,3,0,1,1,0,1,1,1,0,Neutral,Medium,Medium,Very High,Very High,Good,9,10,9,10
GP,F,16,Urban,GT3,T,Higher,Higher,teacher,services,home,mother,1,30,0,0,1,0,1,0,1,1,0,Excellent,Medium,Low,Very Low,Very Low,Very Good,4,15,16,16
GP,F,18,Rural,GT3,T,Secondary,Primary,other,other,reputation,mother,1,20,0,0,0,0,1,1,1,1,1,Excellent,Medium,Medium,Very Low,Very Low,Good,4,8,8,8
GP,F,17,Urban,GT3,T,Secondary,Middle,other,other,course,mother,1,20,0,0,0,0,1,0,1,1,0,Excellent,Medium,High,Very Low,Medium,Average,2,17,18,17
GP,M,17,Urban,LE3,T,Middle,Secondary,services,services,reputation,father,1,20,0,0,1,0,0,0,1,1,0,Excellent,Medium,Medium,Very Low,Medium,Average,0,10,11,11
GP,M,18,Urban,LE3,T,Middle,Primary,at_home,other,course,mother,4,20,0,1,1,0,1,1,1,1,1,Good,Medium,Low,High,Very High,Average,2,9,10,11
GP,F,17,Urban,GT3,A,Middle,Primary,other,other,course,mother,2,30,0,0,0,0,1,1,1,1,1,Neutral,Low,Medium,Very Low,Low,Average,0,15,15,16
GP,F,17,Urban,LE3,T,Higher,Secondary,health,other,reputation,father,1,20,0,0,0,0,1,1,1,1,1,Neutral,Low,Medium,Very Low,Low,Average,0,14,12,12
GP,M,17,Rural,GT3,T,Middle,Middle,other,other,course,father,2,20,0,0,1,0,1,1,1,1,0,Good,Very High,Low,Very Low,Very Low,Very Bad,0,12,13,13
GP,M,17,Urban,GT3,T,Higher,Higher,teacher,teacher,reputation,mother,1,20,0,1,1,0,1,1,1,1,1,Good,Very High,Very High,Very Low,Medium,Bad,0,13,13,13
GP,M,16,Urban,GT3,T,Higher,Higher,health,other,reputation,father,1,20,0,0,1,0,1,1,1,1,0,Good,Low,High,Low,High,Very Bad,0,13,13,14
GP,M,16,Urban,LE3,T,Primary,Primary,other,other,home,mother,2,20,0,0,1,0,0,1,1,1,0,Neutral,High,Low,Very Low,Very Low,Very Good,2,9,9,9
GP,M,16,Urban,GT3,T,Secondary,Middle,at_home,other,reputation,mother,2,30,0,0,0,0,1,1,1,1,1,Excellent,Medium,Medium,Very Low,Medium,Bad,0,12,12,12
GP,M,17,Urban,LE3,T,Middle,Middle,other,other,home,father,1,20,0,0,0,0,1,0,1,1,1,Good,High,Low,Very High,Very High,Good,0,16,16,16
GP,F,16,Urban,GT3,T,Middle,Primary,other,other,home,mother,1,10,0,0,0,0,0,1,1,1,1,Good,Very High,Low,Very Low,Very Low,Very Good,4,9,10,10
GP,F,16,Urban,GT3,A,Higher,Primary,other,other,home,mother,1,20,0,0,0,0,1,1,1,1,1,Excellent,Medium,Medium,Very Low,Low,Very Good,0,14,13,13
GP,F,18,Urban,LE3,A,Middle,Higher,services,other,course,mother,2,20,1,0,1,0,0,1,1,1,0,Good,Medium,Medium,Very Low,Very Low,Average,18,10,10,10
GP,F,18,Urban,LE3,T,Middle,Middle,at_home,services,course,mother,1,20,1,0,1,0,0,0,1,1,1,Excellent,Medium,Very Low,Very Low,Very Low,Very Good,16,9,8,10
GP,F,18,Urban,GT3,T,Secondary,Secondary,other,other,course,mother,2,10,1,0,0,0,0,1,0,1,0,Good,Very Low,Very Low,Very Low,Very Low,Average,14,8,7,7
GP,M,18,Urban,GT3,T,Middle,Middle,other,at_home,course,other,1,10,1,0,1,0,1,0,0,1,1,Good,High,Medium,Low,Low,Very Bad,26,7,8,8
GP,M,17,Urban,GT3,T,Higher,Higher,teacher,teacher,course,mother,1,10,0,0,1,0,1,0,1,1,0,Good,Low,Very Low,Very Low,Low,Very Good,6,10,8,9
GP,F,17,Urban,GT3,T,Secondary,Middle,other,other,course,father,1,20,0,0,0,0,1,1,1,0,0,Excellent,High,Low,Very Low,Very Low,Average,4,14,14,15
GP,F,17,Urban,LE3,T,Primary,Primary,at_home,at_home,course,mother,1,30,0,0,1,0,1,1,1,1,1,Good,Medium,Low,Very Low,Low,Good,10,11,10,10
GP,F,16,Urban,GT3,T,Primary,Middle,other,other,course,mother,1,10,0,0,0,0,0,1,0,1,0,Excellent,Medium,Very High,Very Low,Low,Very Good,4,12,11,11
GP,F,17,Rural,GT3,T,Middle,Primary,at_home,services,course,mother,3,20,0,0,0,0,1,1,1,0,0,Bad,Very Low,Very Low,Very Low,Very Low,Average,2,13,13,13
GP,F,17,Rural,LE3,A,Primary,Higher,other,other,course,other,4,10,1,0,1,0,0,1,1,1,0,Excellent,Very High,High,Very Low,Very Low,Very Good,14,9,9,8
GP,M,18,Urban,GT3,T,Middle,Middle,other,services,reputation,father,1,20,0,0,0,0,0,1,0,1,0,Excellent,Very High,High,Medium,Very High,Bad,16,8,7,8
GP,F,17,Urban,LE3,A,Middle,Middle,other,other,home,mother,1,10,1,0,1,0,0,0,0,1,0,Neutral,Very Low,Low,Very Low,Very Low,Very Bad,8,11,9,10
GP,F,17,Rural,LE3,T,Primary,Primary,at_home,other,course,mother,2,30,0,0,0,0,1,1,1,1,0,Good,Medium,Medium,Very Low,Medium,Very Good,4,15,14,15
GP,F,17,Urban,LE3,A,Higher,Middle,teacher,other,course,mother,1,20,0,0,1,0,1,1,1,0,0,Good,Medium,Low,Very Low,Very Low,Good,4,15,14,14
GP,M,17,Urban,LE3,T,Higher,Secondary,health,other,course,mother,2,20,0,0,0,0,1,1,1,1,1,Bad,Very High,Very High,Very Low,High,Very Good,8,15,15,15
GP,M,17,Rural,LE3,A,Higher,Higher,teacher,other,course,mother,2,20,0,0,1,0,0,1,1,1,0,Neutral,Medium,Medium,Low,Medium,Good,0,12,12,12
GP,M,16,Urban,LE3,T,Higher,Secondary,teacher,other,course,mother,1,10,0,0,0,0,1,0,1,1,0,Excellent,High,Very High,Very Low,Very Low,Average,7,14,14,15
GP,M,16,Urban,GT3,T,Higher,Higher,services,services,course,mother,1,10,0,0,0,1,1,1,1,1,0,Excellent,Medium,Low,Very Low,Low,Very Good,4,14,15,15
GP,F,17,Urban,GT3,T,Higher,Higher,teacher,services,course,mother,1,20,0,0,1,1,0,1,1,1,1,Excellent,Medium,Very Low,Very Low,High,Very Good,2,11,11,12
GP,M,17,Rural,GT3,T,Primary,Primary,other,other,home,father,2,30,0,0,0,0,0,0,1,1,1,Good,Medium,Medium,Very Low,Very Low,Very Bad,2,13,14,15
GP,F,17,Urban,GT3,T,Secondary,Secondary,services,other,home,mother,2,30,0,0,1,0,0,1,1,1,1,Good,Low,Low,Low,Medium,Very Good,10,11,11,11
GP,F,17,Urban,GT3,T,Primary,Primary,at_home,other,course,mother,1,20,0,1,0,0,0,0,1,0,1,Good,Medium,Low,Very Low,Very Low,Good,10,10,9,10
GP,F,18,Urban,GT3,T,Middle,Primary,other,other,course,other,2,30,0,0,1,0,0,0,1,1,1,Good,High,High,Very Low,Very Low,Average,10,12,10,11
GP,M,16,Urban,GT3,T,Middle,Primary,other,other,course,mother,3,10,0,0,0,0,0,1,1,1,0,Good,Medium,Medium,Very Low,Very Low,Good,7,15,16,16
GP,F,17,Urban,GT3,T,Primary,Primary,other,services,course,father,1,20,0,0,1,0,0,1,1,0,0,Good,Medium,High,Very Low,Low,Very Good,4,11,10,11
GP,M,17,Urban,GT3,T,Middle,Secondary,other,other,course,father,2,10,0,0,0,0,0,1,1,1,0,Excellent,Low,Low,Very Low,Very Low,Bad,2,9,12,13
GP,M,22,Urban,GT3,T,Secondary,Primary,services,services,other,mother,1,10,3,0,0,0,0,0,0,1,1,Excellent,High,Very High,Very High,Very High,Very Bad,12,7,8,5
GP,M,18,Rural,LE3,T,Secondary,Secondary,other,services,course,mother,1,20,0,0,1,0,0,1,1,1,1,Good,Medium,Medium,Very Low,Medium,Very Good,8,10,9,10
GP,M,16,Urban,GT3,T,None,Middle,other,other,other,mother,1,10,0,0,0,0,0,0,1,1,0,Good,Medium,Low,Low,High,Very Good,0,11,12,11
GP,M,18,Urban,GT3,T,Secondary,Middle,services,other,course,mother,2,10,0,0,0,0,0,1,0,1,0,Good,High,Very High,Low,High,Very Good,8,7,8,7
GP,M,16,Urban,GT3,T,Secondary,Secondary,at_home,other,reputation,other,3,20,1,1,1,0,0,0,1,1,0,Excellent,Medium,Medium,Very Low,Medium,Bad,4,9,11,10
GP,M,18,Urban,GT3,T,Middle,Primary,services,services,other,mother,1,10,2,0,0,0,0,0,0,1,0,Neutral,Low,Very High,Low,Very High,Very Good,4,7,8,6
GP,M,16,Rural,GT3,T,Middle,Primary,other,other,course,mother,2,10,0,0,0,0,1,0,1,0,0,Neutral,Medium,Low,Very Low,Medium,Average,2,14,13,12
GP,M,17,Rural,GT3,T,Middle,Primary,other,other,course,mother,1,10,0,0,0,0,0,0,1,1,0,Good,High,Low,Low,High,Very Good,0,12,12,13
GP,M,17,Urban,LE3,T,Primary,Primary,health,other,course,mother,2,10,1,0,1,0,1,1,1,1,0,Good,High,High,Very Low,Low,Very Good,0,9,10,10
GP,F,18,Urban,LE3,A,Middle,Primary,other,other,course,mother,1,20,0,0,1,0,0,0,1,1,1,Good,Medium,High,Very Low,Medium,Very Good,2,12,12,13
GP,F,17,Urban,LE3,T,Higher,Middle,teacher,services,reputation,mother,1,40,0,0,1,0,1,1,1,1,0,Good,Low,Medium,Very Low,Very Low,Good,2,14,15,17
GP,F,19,Urban,GT3,T,Middle,Middle,services,services,home,mother,1,20,0,0,1,0,0,1,1,1,0,Good,Medium,Medium,Very Low,Very Low,Very Good,0,10,10,11
GP,M,18,Urban,LE3,T,Middle,Primary,services,other,course,mother,3,20,1,0,0,0,1,0,0,1,0,Good,High,Very High,High,High,Very Good,4,11,10,11
GP,F,17,Rural,GT3,T,Higher,Middle,other,other,course,mother,1,30,0,0,1,0,1,1,1,1,0,Good,Medium,High,Very Low,Medium,Very Good,2,11,12,14
GP,F,18,Urban,LE3,T,Primary,Primary,other,at_home,home,mother,1,30,0,0,1,0,0,0,1,0,0,Good,High,Medium,Low,Medium,Average,4,11,12,14
GP,F,18,Rural,GT3,T,Middle,Middle,other,other,home,mother,1,20,0,1,0,0,0,1,1,0,0,Neutral,Low,Medium,Very Low,Very Low,Very Good,4,11,11,13
GP,M,19,Urban,LE3,A,Higher,Secondary,services,at_home,reputation,mother,1,20,0,0,1,0,0,1,1,1,0,Good,Medium,Very Low,Very Low,Very Low,Very Bad,4,11,13,14
GP,M,18,Urban,GT3,T,Middle,Primary,other,other,home,mother,1,20,0,0,0,0,1,1,1,1,0,Excellent,Low,High,Very Low,Low,Good,2,16,16,16
GP,M,17,Rural,GT3,T,Middle,Middle,other,services,other,mother,2,10,0,0,0,0,0,0,0,0,0,Excellent,Low,Low,Very Low,Very Low,Good,0,9,10,10
GP,F,17,Urban,LE3,T,Middle,Middle,services,services,course,father,1,40,0,0,0,0,1,1,1,1,1,Neutral,High,Very Low,Very Low,Very Low,Bad,2,10,11,12
GP,F,20,Rural,GT3,T,Middle,Primary,other,other,course,other,2,20,0,0,1,1,1,1,0,1,1,Very Bad,Low,Medium,Very Low,Low,Bad,8,10,12,12
GP,F,18,Urban,GT3,T,Higher,Secondary,services,other,home,father,1,20,0,0,1,0,0,1,1,1,1,Neutral,Very Low,Low,Very Low,Medium,Bad,2,15,15,15
GP,M,18,Urban,GT3,T,Higher,Secondary,teacher,other,course,mother,1,20,0,0,1,0,0,0,1,1,0,Good,Medium,Low,Very Low,Very Low,Average,2,10,10,11
GP,M,18,Rural,GT3,T,Secondary,Middle,other,other,course,mother,1,30,0,0,0,0,1,0,1,0,0,Excellent,Medium,Low,Very Low,Very Low,Average,2,10,11,12
GP,F,17,Urban,GT3,T,Secondary,Secondary,other,other,home,mother,1,30,0,0,0,0,1,0,1,0,0,Neutral,Low,Medium,Very Low,Very Low,Good,2,15,12,13
GP,F,18,Urban,GT3,T,Middle,Middle,at_home,services,home,mother,1,30,0,0,1,0,1,1,1,1,1,Good,Medium,Medium,Very Low,Very Low,Average,0,11,12,13
GP,M,17,Urban,GT3,T,Middle,Middle,other,other,home,father,2,10,0,0,0,0,0,1,0,1,0,Good,High,High,Low,Medium,Good,8,8,8,9
GP,M,18,Rural,LE3,A,Secondary,Higher,other,other,reputation,mother,2,20,0,0,1,0,1,1,1,1,0,Good,Low,Very High,Medium,High,Very Bad,6,15,16,16
GP,M,17,Urban,GT3,T,Secondary,Primary,services,other,other,mother,1,20,0,0,0,0,1,1,1,1,1,Excellent,High,High,Medium,High,Very Good,0,11,11,14
GP,F,18,Rural,GT3,T,Higher,Higher,teacher,other,reputation,mother,2,20,0,0,0,0,1,1,1,1,0,Good,Medium,High,Low,Low,Good,8,10,11,12
GP,M,18,Urban,GT3,T,Higher,Middle,health,other,reputation,father,1,20,0,0,1,0,1,1,1,1,1,Excellent,High,Very High,Very Low,Medium,Very Good,4,10,12,14
GP,F,18,Rural,GT3,T,Middle,Primary,other,other,reputation,mother,2,20,0,0,1,0,0,1,0,1,1,Good,Medium,Very High,Very Low,Low,Average,12,8,9,10
GP,F,19,Urban,GT3,T,Secondary,Secondary,other,services,home,other,1,20,0,0,1,0,1,1,1,1,0,Good,Medium,Very High,Medium,Medium,Very Good,16,11,12,12
GP,F,18,Urban,GT3,T,Middle,Secondary,other,services,reputation,father,1,40,0,0,1,0,1,1,1,1,1,Good,Very High,Very High,Very Low,Medium,Bad,10,16,16,16
GP,F,18,Urban,LE3,T,Primary,Primary,other,other,home,mother,2,20,0,0,1,0,0,0,1,0,0,Good,High,Medium,Very Low,Very Low,Average,2,13,13,13
GP,M,17,Rural,GT3,T,Primary,Middle,at_home,at_home,home,mother,1,20,0,0,1,0,1,0,1,0,1,Neutral,Very High,Low,Low,Low,Very Bad,2,16,17,18
GP,F,18,Urban,GT3,T,Middle,Primary,other,other,home,mother,1,20,0,0,1,0,0,1,1,1,1,Good,Low,Very High,Very Low,Low,Very Bad,8,14,14,15
GP,F,17,Urban,GT3,T,Middle,Higher,at_home,health,reputation,mother,2,20,0,0,1,0,0,1,1,1,1,Good,Medium,Medium,Very Low,Very Low,Very Bad,6,15,16,16
GP,F,17,Urban,LE3,T,Middle,Middle,services,other,course,mother,2,20,0,1,1,0,0,1,1,1,1,Good,High,High,Low,Medium,Very Good,6,12,12,12
GP,F,18,Rural,GT3,A,Secondary,Middle,other,services,home,mother,2,20,0,0,0,0,0,0,0,1,1,Good,Very Low,Very Low,Very Low,Very Low,Very Good,15,12,9,10
GP,M,18,Urban,GT3,T,Higher,Higher,teacher,services,home,mother,2,10,0,0,0,0,1,1,1,1,0,Neutral,Low,High,Very Low,High,Average,6,11,12,12
GP,F,18,Urban,GT3,T,Higher,Higher,health,health,reputation,father,1,20,1,1,1,0,1,1,1,1,1,Bad,High,High,Very Low,Very Low,Good,2,14,12,13
GP,F,17,Urban,GT3,T,Middle,Middle,other,services,reputation,father,3,30,0,0,1,0,0,1,1,1,1,Good,Low,Medium,Very Low,Very Low,Very Bad,8,13,15,15
GP,F,19,Rural,GT3,T,Secondary,Middle,services,services,reputation,father,1,20,1,1,1,0,0,1,0,1,0,Neutral,Medium,Medium,High,Medium,Average,0,9,8,10
GP,M,18,Urban,LE3,T,Higher,Secondary,teacher,services,course,mother,2,10,0,0,0,0,1,1,1,1,0,Good,Low,Medium,Very Low,Low,Very Bad,0,10,10,10
GP,M,18,Urban,GT3,T,Primary,Middle,at_home,other,home,other,2,10,0,0,0,0,0,0,0,1,0,Neutral,High,High,Low,High,Good,10,10,10,11
GP,M,17,Urban,LE3,A,Higher,Primary,services,other,home,mother,2,10,0,0,0,0,1,1,1,1,1,Good,Very High,High,Low,High,Very Good,22,11,11,10
GP,M,17,Urban,LE3,A,Secondary,Middle,teacher,services,home,mother,1,10,0,0,0,0,0,1,1,1,0,Good,High,High,Medium,High,Average,18,13,13,13
GP,F,18,Rural,LE3,T,Primary,Primary,at_home,other,reputation,mother,2,40,0,0,1,0,1,1,1,0,0,Excellent,Low,Low,Very Low,Very Low,Average,2,17,17,18
GP,F,18,Urban,GT3,T,Primary,Primary,other,other,home,mother,2,20,0,1,0,0,1,1,1,1,0,Excellent,High,High,Very Low,Very Low,Good,0,12,13,13
GP,F,17,Urban,GT3,T,Middle,Middle,other,other,course,mother,1,20,0,0,1,0,0,0,1,1,0,Excellent,High,Very High,Very Low,Low,Very Good,12,12,12,14
GP,F,18,Urban,GT3,T,Middle,Primary,other,other,reputation,mother,2,20,0,0,0,0,1,1,1,1,1,Good,Medium,Very Low,Very Low,Very Low,Very Good,10,12,13,14
GP,M,17,Urban,GT3,T,Primary,Primary,other,other,reputation,father,1,20,0,0,0,0,0,0,1,1,0,Good,Medium,Medium,Very Low,Low,Good,0,12,12,12
GP,F,18,Urban,GT3,T,Middle,Middle,at_home,at_home,other,mother,1,30,0,0,1,0,0,1,1,1,0,Good,Medium,Medium,Very Low,Low,Bad,0,18,18,18
GP,F,17,Urban,GT3,T,Primary,Primary,services,teacher,reputation,mother,1,30,0,0,1,0,0,1,1,1,0,Good,Medium,Medium,Very Low,Very Low,Average,0,13,13,14
GP,M,18,Urban,GT3,T,Middle,Primary,services,services,reputation,mother,1,30,0,0,0,0,1,1,1,1,0,Good,Low,High,Very Low,Medium,Bad,0,14,15,15
GP,M,18,Urban,LE3,A,Higher,Higher,teacher,teacher,reputation,mother,1,20,0,0,1,0,1,1,1,1,0,Excellent,High,Medium,Very Low,Very Low,Bad,0,17,17,17
GP,M,18,Urban,GT3,T,Higher,Middle,teacher,other,home,mother,1,20,0,0,1,0,1,1,1,1,1,Good,Medium,Low,Very Low,High,Very Good,2,15,16,16
GP,F,17,Urban,GT3,T,Higher,Secondary,health,services,reputation,mother,1,30,0,0,1,0,0,1,1,1,0,Good,Low,Low,Very Low,Low,Average,0,17,18,18
GP,F,17,Rural,LE3,T,Secondary,Primary,services,other,reputation,mother,2,40,0,0,1,0,0,1,1,0,0,Neutral,Very Low,Low,Very Low,Very Low,Average,0,18,19,19
GP,M,18,Rural,LE3,T,Secondary,Middle,services,other,reputation,mother,2,30,0,0,1,0,1,1,1,1,0,Excellent,High,Low,Very Low,Very Low,Good,0,14,15,15
GP,M,17,Urban,GT3,T,Secondary,Secondary,health,other,home,mother,1,10,0,0,1,0,0,1,1,1,0,Good,High,Medium,Very Low,Medium,Very Good,0,14,15,15
GP,F,19,Urban,GT3,T,Higher,Higher,health,other,reputation,other,2,20,0,0,1,0,1,1,1,1,0,Bad,Medium,High,Low,Medium,Bad,2,14,13,13
GP,F,18,Urban,LE3,T,Higher,Secondary,other,other,home,other,2,20,0,0,1,0,0,1,1,1,1,Good,High,Very High,Very Low,Low,Bad,0,13,14,14
GP,F,18,Urban,GT3,T,Higher,Secondary,other,other,reputation,father,1,40,0,0,1,0,0,1,1,1,0,Good,Medium,Medium,Very Low,Very Low,Average,0,16,17,17
GP,M,18,Urban,LE3,T,Higher,Higher,teacher,teacher,home,mother,1,10,0,0,1,0,0,1,1,1,1,Very Bad,High,Low,Low,Low,Very Bad,0,18,18,17
GP,F,18,Urban,LE3,A,Higher,Higher,health,other,home,mother,1,20,0,0,1,1,0,1,1,1,1,Good,Low,High,Very Low,Very Low,Good,0,14,15,15
GP,M,17,Urban,LE3,T,Higher,Higher,other,teacher,home,father,2,10,0,0,0,0,0,1,1,1,0,Good,Very Low,Very Low,Low,Low,Very Good,0,12,13,13
GP,F,17,Rural,GT3,T,Higher,Higher,services,services,reputation,mother,2,30,0,0,1,0,1,1,1,1,0,Excellent,Medium,High,Very Low,Very Low,Very Good,0,7,7,8
GP,F,17,Urban,GT3,T,Higher,Middle,other,other,reputation,mother,2,30,0,0,1,0,0,1,1,1,0,Good,Medium,Medium,Very Low,Very Low,Average,0,16,16,16
GP,F,17,Urban,GT3,T,Secondary,Middle,health,health,reputation,father,1,40,0,0,1,0,1,0,1,1,0,Excellent,Low,Low,Very Low,Low,Very Good,0,18,18,18
GP,M,19,Rural,LE3,T,Middle,Primary,at_home,services,course,mother,2,30,1,0,0,0,1,1,1,1,1,Good,Medium,Very Low,Very Low,Very Low,Very Good,0,9,10,11
GP,M,20,Urban,GT3,A,Secondary,Middle,services,other,course,other,1,10,2,0,0,0,1,1,1,0,0,Excellent,Very High,Medium,Very Low,Very Low,Very Good,0,14,15,15
GP,M,19,Rural,GT3,T,Secondary,Secondary,other,services,reputation,father,1,20,0,0,0,0,1,1,1,0,1,Good,Very High,Medium,Very Low,Low,Very Good,0,10,10,11
GP,F,18,Urban,GT3,T,Primary,Higher,other,teacher,home,mother,1,20,0,1,1,0,0,0,1,0,1,Neutral,High,High,Very Low,Low,Very Good,2,10,10,11
GP,F,18,Urban,GT3,T,Middle,Primary,services,other,course,mother,2,20,0,0,1,0,1,1,1,1,0,Excellent,Medium,Medium,Very Low,Low,Very Bad,2,12,12,15
GP,F,17,Urban,GT3,T,Middle,Secondary,other,other,course,father,2,20,0,0,0,0,1,1,1,1,1,Good,Low,Very Low,Very Low,Very Low,Average,2,11,12,14
GP,F,17,Rural,GT3,T,Higher,Higher,teacher,teacher,course,mother,1,10,0,0,0,0,1,1,1,1,0,Good,High,High,Very Low,Very Low,Very Good,2,15,16,17
GP,F,18,Urban,GT3,T,Higher,Secondary,other,other,course,mother,1,30,0,0,1,0,1,1,1,1,1,Good,Medium,High,Very Low,Very Low,Very Good,2,14,15,17
GP,F,18,Urban,LE3,T,Higher,Secondary,health,services,course,mother,2,10,0,0,1,0,0,1,1,1,0,Neutral,Low,High,Very Low,High,Very Bad,8,12,12,15
GP,F,17,Rural,GT3,T,Secondary,Higher,at_home,services,course,father,1,30,0,0,1,0,1,0,1,1,0,Good,Medium,High,Low,Very High,Very Good,2,15,15,17
GP,F,18,Urban,GT3,T,Secondary,Secondary,at_home,other,course,father,1,20,0,0,1,0,0,1,1,1,0,Good,Very Low,High,Very Low,Very Low,Average,8,11,12,14
GP,M,19,Urban,GT3,T,Higher,Middle,health,other,course,mother,2,20,0,0,1,0,1,1,1,1,1,Excellent,High,High,Very Low,Very Low,Very Bad,9,11,10,10
GP,F,18,Urban,GT3,T,Higher,Higher,teacher,other,course,mother,1,20,0,0,1,0,0,1,1,1,0,Good,High,High,Medium,Medium,Very Good,0,12,11,13
GP,F,18,Urban,GT3,T,Secondary,Higher,other,other,course,mother,1,10,0,0,1,0,1,1,1,1,1,Excellent,High,High,Very Low,Very Low,Very Bad,4,11,12,14
GP,F,17,Urban,GT3,T,Higher,Higher,health,health,course,mother,1,10,0,0,0,0,1,1,1,1,0,Excellent,Medium,High,Very Low,Low,Very Good,2,14,15,17
GP,F,17,Urban,GT3,A,Higher,Secondary,services,services,course,mother,1,20,0,0,1,0,0,1,1,1,1,Excellent,Low,Low,Very Low,Low,Very Good,14,15,14,17
GP,F,17,Urban,LE3,A,Secondary,Secondary,services,other,home,mother,1,20,0,1,1,0,0,1,1,1,0,Excellent,Medium,Medium,Very Low,Very Low,Very Good,0,12,12,13
GP,F,17,Urban,LE3,T,Middle,Primary,other,other,home,father,1,20,0,0,0,0,1,1,1,1,0,Good,Low,Medium,Low,Low,Bad,2,11,12,14
GP,M,18,Urban,LE3,T,Higher,Higher,other,other,reputation,father,1,10,0,0,1,0,0,1,1,1,0,Good,Low,Very High,Medium,High,Very Good,2,8,9,11
GP,F,19,Urban,GT3,T,Primary,Primary,other,other,course,other,3,30,0,0,0,0,1,1,0,0,1,Very Bad,Very High,Very High,High,Medium,Very Good,12,10,10,11
GP,F,19,Urban,LE3,A,Primary,Primary,other,other,course,other,3,20,2,0,1,0,0,0,1,1,1,Excellent,Medium,High,Very Low,Very Low,Good,2,8,8,9
GP,F,18,Urban,GT3,T,Middle,Middle,other,other,course,mother,1,10,0,0,1,0,1,1,1,1,1,Good,Medium,Very High,Low,High,Very Good,2,10,10,10
GP,F,17,Urban,GT3,T,Middle,Middle,other,other,course,mother,1,20,0,0,1,0,0,1,1,0,1,Good,Low,Low,Very Low,Very Low,Average,4,14,13,13
GP,F,17,Rural,LE3,T,Middle,Middle,services,services,course,mother,1,30,0,0,1,0,1,1,1,1,0,Neutral,Medium,Low,Low,Low,Average,0,11,11,10
GP,F,17,Urban,GT3,T,Secondary,Primary,services,services,course,father,1,30,0,0,1,0,0,0,1,1,0,Neutral,High,Medium,Low,Medium,Very Good,0,17,18,17
GP,F,17,Urban,LE3,T,None,Middle,at_home,at_home,home,father,2,30,0,0,0,0,0,1,1,1,0,Neutral,Medium,Medium,Low,Medium,Bad,0,14,14,15
GP,F,18,Urban,GT3,T,Primary,Primary,other,other,home,mother,2,30,0,0,0,0,1,1,1,1,0,Good,Very High,Very High,Very Low,Low,Bad,0,14,14,14
GP,M,18,Urban,GT3,T,Higher,Higher,other,other,course,mother,1,30,0,0,0,0,1,1,1,1,0,Good,Medium,Medium,Low,Low,Average,0,13,14,13
GP,M,17,Urban,GT3,T,Secondary,Secondary,other,services,reputation,mother,1,10,0,0,0,0,1,0,1,1,0,Good,Medium,Very High,Medium,Very High,Very Good,0,17,18,17
GP,M,17,Rural,GT3,T,Middle,Middle,services,other,course,mother,4,10,0,0,1,0,0,1,1,1,0,Good,High,Very High,Very High,Very High,Good,2,11,10,10
GP,F,17,Urban,GT3,T,Higher,Higher,teacher,services,course,mother,1,30,0,0,1,0,1,1,1,1,0,Excellent,High,High,Very Low,Medium,Good,0,13,12,13
GP,F,17,Urban,GT3,T,Higher,Higher,teacher,teacher,course,mother,2,30,0,0,1,0,0,0,1,1,1,Good,Medium,Medium,Very Low,Low,Good,4,15,14,15
GP,F,17,Urban,GT3,T,Secondary,Secondary,at_home,other,course,mother,1,10,0,0,1,1,1,1,1,1,0,Good,Low,Very High,Low,Very High,Very Good,2,11,12,11
GP,M,18,Urban,LE3,T,Middle,Middle,other,other,course,mother,1,40,0,0,1,1,1,1,1,1,0,Good,Very High,Very High,Low,High,Very Good,0,11,11,12
GP,M,19,Rural,GT3,T,Secondary,Middle,at_home,services,home,other,1,10,0,0,1,0,0,0,1,0,1,Excellent,Medium,High,Low,Low,Very Good,0,11,10,10
GP,F,18,Urban,GT3,T,Middle,Middle,at_home,other,course,mother,4,20,0,0,0,0,1,1,1,0,1,Good,Low,Very High,Very Low,Very Low,Bad,2,10,9,10
GP,F,17,Rural,GT3,T,Middle,Higher,at_home,other,course,father,1,30,0,0,1,0,0,1,1,1,1,Good,High,Medium,Very Low,Very Low,Very Good,0,15,15,15
GP,M,18,Urban,GT3,T,Middle,Middle,other,other,reputation,mother,1,10,0,0,0,0,0,0,1,1,0,Excellent,High,Low,Very Low,Low,Very Good,6,15,14,15
GP,F,18,Urban,GT3,T,Secondary,Secondary,services,services,home,mother,1,20,0,0,0,0,1,1,1,1,0,Excellent,Medium,High,Very Low,Very Low,Good,8,10,11,12
GP,F,18,Urban,LE3,T,Middle,Middle,other,other,home,other,1,20,0,0,0,0,1,0,1,1,1,Good,Medium,Medium,Very Low,Very Low,Bad,0,10,9,12
GP,F,18,Rural,GT3,T,Middle,Middle,at_home,other,course,mother,2,40,0,0,0,0,1,1,1,0,0,Good,High,High,Very Low,Very Low,Good,6,14,13,14
GP,F,17,Urban,GT3,T,Secondary,Higher,services,other,course,mother,1,30,0,0,0,0,0,1,1,1,0,Good,High,Very High,Very Low,Medium,Very Good,8,11,13,14
GP,F,17,Urban,GT3,T,Secondary,Middle,other,other,home,mother,1,20,0,0,1,0,0,1,1,1,1,Good,Medium,Low,Low,Medium,Bad,0,12,13,15
GP,F,18,Urban,LE3,T,Secondary,Secondary,services,services,home,mother,1,40,0,0,1,0,0,1,1,1,0,Excellent,Medium,Medium,Very Low,Very Low,Very Bad,4,14,14,15
GP,F,17,Rural,GT3,A,Secondary,Middle,other,other,home,mother,1,20,0,0,1,0,0,1,1,1,0,Good,Medium,Medium,Low,Medium,Bad,0,14,14,16
GP,M,18,Urban,GT3,T,Higher,Higher,teacher,services,home,father,1,20,0,0,1,0,1,1,1,1,0,Good,Medium,Medium,Low,Low,Bad,0,12,12,13
GP,M,18,Urban,LE3,T,Secondary,Higher,services,other,home,mother,1,20,0,0,0,0,1,1,1,1,1,Good,Medium,Medium,Very Low,Medium,Very Good,6,16,16,17
GP,F,17,Urban,GT3,A,Middle,Middle,at_home,at_home,home,father,1,20,0,0,1,0,0,1,1,1,1,Neutral,Medium,Very Low,Very Low,Low,Good,18,10,12,14
GP,F,18,Urban,GT3,T,Middle,Secondary,at_home,other,course,mother,1,30,0,0,1,0,0,1,1,1,0,Good,Medium,Medium,Very Low,Low,Average,0,11,12,14
GP,F,18,Urban,GT3,T,Secondary,Middle,other,services,other,mother,1,30,0,0,0,0,0,1,1,1,1,Excellent,High,Medium,Low,Medium,Very Bad,4,14,16,17
GP,M,18,Rural,GT3,T,Higher,Secondary,teacher,services,course,mother,1,30,0,0,0,0,0,1,1,1,1,Excellent,Medium,Low,Very Low,Low,Good,4,15,14,17
GP,M,18,Urban,GT3,T,Higher,Secondary,teacher,other,course,mother,1,30,0,0,1,0,0,1,1,1,1,Excellent,High,Very High,Low,Medium,Very Good,0,14,13,14
GP,F,17,Urban,GT3,T,Higher,Secondary,health,other,reputation,mother,1,30,0,0,1,0,1,1,1,1,1,Good,High,Medium,Very Low,Medium,Good,0,11,12,13
GP,F,17,Urban,GT3,T,Middle,Primary,services,other,course,mother,2,20,0,0,1,0,1,1,1,1,1,Good,Medium,High,Low,Low,Very Bad,10,12,15,15
GP,F,17,Urban,GT3,T,Middle,Primary,services,other,reputation,mother,1,20,0,0,1,0,1,1,1,1,0,Good,Medium,Very High,Low,High,Good,4,12,16,16
GP,F,19,Urban,LE3,A,Middle,Secondary,at_home,other,home,other,2,10,1,0,0,0,0,1,0,1,0,Bad,Low,Medium,Medium,High,Very Good,16,10,11,11
GP,F,17,Urban,GT3,T,Secondary,Primary,other,at_home,home,mother,1,10,1,0,1,1,0,1,1,1,1,Good,Very Low,Low,Very Low,Very Low,Average,6,10,13,13
GP,F,21,Urban,LE3,T,Higher,Higher,other,other,reputation,other,1,30,2,0,0,1,1,1,1,1,0,Neutral,Medium,Low,Very Low,Very Low,Very Good,0,9,12,12
GP,M,18,Urban,LE3,T,Middle,Middle,services,services,reputation,mother,1,20,0,0,1,0,1,0,0,1,0,Good,High,High,Very Low,Medium,Average,11,9,11,12
GP,M,18,Urban,LE3,A,Secondary,Higher,other,other,reputation,other,1,20,0,0,0,0,1,1,1,1,1,Good,Medium,Very High,Very Low,High,Bad,9,13,14,15
GP,F,17,Urban,GT3,T,Middle,Middle,services,services,reputation,mother,1,20,0,0,1,0,1,1,1,1,0,Good,Medium,High,Very Low,Medium,Good,0,13,17,17
GP,M,17,Urban,LE3,A,Higher,Higher,health,other,reputation,mother,1,30,0,0,1,0,0,1,1,1,0,Good,High,Low,Very Low,Low,Good,2,12,15,15
GP,F,18,Urban,LE3,T,Higher,Middle,teacher,other,course,mother,1,20,0,0,1,0,1,1,1,1,0,Good,Low,Low,Very Low,Very Low,Average,0,14,17,17
GP,M,21,Rural,LE3,T,Primary,Primary,at_home,other,course,other,2,20,2,0,1,0,1,1,0,1,1,Excellent,Medium,Medium,Very High,Low,Good,21,9,10,10
GP,F,20,Rural,GT3,T,Primary,Primary,other,other,reputation,other,2,30,0,0,0,0,0,1,1,1,1,Neutral,Low,Low,Very Low,Medium,Average,8,11,15,15
GP,F,19,Urban,GT3,T,Higher,Higher,teacher,other,home,other,1,10,1,0,1,0,0,1,1,1,1,Neutral,Low,Very High,High,High,Very Good,5,9,10,11
GP,M,17,Urban,LE3,A,Secondary,Middle,other,other,reputation,mother,1,20,0,0,1,0,0,1,1,1,0,Good,High,High,Very Low,Low,Very Good,10,16,18,18
GP,F,18,Urban,GT3,T,Secondary,Middle,at_home,other,reputation,father,1,30,0,0,1,0,0,1,1,1,1,Good,Medium,High,Very Low,Low,Bad,5,14,17,17
GP,M,18,Rural,GT3,T,Middle,Secondary,other,services,reputation,father,1,10,0,0,0,0,0,1,1,1,0,Neutral,Very Low,Medium,High,Very High,Good,13,13,14,14
GP,M,19,Urban,GT3,T,Middle,Primary,other,other,reputation,mother,1,10,0,0,0,0,0,1,1,1,0,Excellent,Medium,High,Very Low,High,Good,10,7,11,11
GP,F,18,Urban,LE3,A,Middle,Middle,services,other,reputation,mother,2,20,0,0,1,0,0,1,1,1,0,Good,Very Low,High,Very Low,Medium,Good,10,14,17,17
GP,F,20,Urban,GT3,T,Primary,None,other,other,reputation,mother,2,10,1,1,0,0,0,1,1,1,1,Excellent,Medium,Very Low,Very Low,Very Low,Very Good,5,8,10,10
GP,F,18,Urban,GT3,T,Secondary,Middle,services,other,home,mother,1,20,0,0,1,0,1,0,1,1,1,Neutral,Very Low,Low,Very Low,Low,Very Bad,4,10,13,13
MS,F,16,Urban,GT3,T,Primary,Secondary,at_home,other,other,father,2,10,0,0,1,0,0,1,0,1,1,Good,Medium,Medium,Very Low,Medium,Very Good,11,10,11,11
MS,F,16,Rural,GT3,T,Middle,Middle,other,other,course,mother,2,20,0,0,1,0,1,1,1,1,0,Good,High,High,Very Low,Very Low,Very Good,0,12,12,12
MS,F,15,Rural,GT3,T,Primary,Primary,at_home,services,other,mother,1,10,1,0,1,0,0,1,1,0,1,Good,Very Low,Medium,Very Low,Very Low,Bad,6,10,10,10
MS,F,15,Rural,GT3,T,Secondary,Secondary,at_home,other,course,mother,2,10,0,0,1,0,0,1,1,1,0,Excellent,High,High,Low,Medium,Very Good,4,10,10,11
MS,F,16,Rural,GT3,T,Middle,Secondary,at_home,services,course,mother,2,20,0,0,0,0,0,1,1,0,0,Good,Very High,Low,Very Low,Low,Very Good,0,16,17,17
MS,F,15,Rural,LE3,T,Middle,Primary,at_home,other,home,mother,2,10,0,0,0,0,0,1,0,0,0,Very Bad,Medium,High,Very Low,Very Low,Very Bad,0,6,8,9
MS,M,16,Rural,LE3,A,Higher,Higher,at_home,other,home,mother,1,20,0,0,1,0,0,1,1,0,0,Excellent,Medium,Low,Very Low,Medium,Bad,5,10,11,11
MS,M,16,Urban,GT3,A,Primary,Middle,other,other,other,mother,1,30,0,1,0,0,0,1,1,1,0,Good,High,Medium,Very Low,Very Low,Very Good,0,10,11,11
MS,F,17,Rural,GT3,T,Secondary,Middle,at_home,other,course,father,1,20,1,0,0,0,0,1,1,0,1,Good,Very High,High,Very Low,Low,Very Good,0,10,10,10
MS,F,17,Rural,GT3,T,Primary,Primary,other,other,other,father,1,10,1,0,1,0,0,0,0,1,0,Excellent,High,High,Low,Low,Very Good,0,6,6,7
MS,F,15,Rural,GT3,T,Higher,Higher,teacher,other,course,mother,2,10,0,0,0,0,0,1,1,1,1,Very Bad,Very High,Very Low,Medium,Very High,Very Good,0,13,14,14
MS,F,16,Urban,LE3,A,Middle,Middle,at_home,other,reputation,mother,2,40,0,0,0,0,1,0,0,0,1,Very Bad,Low,Very Low,Very Low,Very Low,Very Bad,4,10,9,11
MS,F,15,Rural,LE3,T,Primary,Primary,at_home,services,reputation,father,2,20,0,0,1,0,0,1,1,1,0,Excellent,High,Medium,Very Low,Low,Good,0,10,10,10
MS,F,15,Rural,LE3,T,Primary,Primary,other,services,course,mother,2,10,1,0,1,0,0,1,1,1,1,Good,High,Medium,Very Low,Low,Bad,4,6,7,8
MS,F,16,Rural,GT3,T,None,Middle,other,other,other,mother,2,10,0,0,1,0,1,1,1,0,0,Neutral,Low,Medium,Very Low,Low,Bad,0,12,11,12
MS,F,17,Rural,GT3,T,Middle,Secondary,other,other,course,mother,2,10,0,0,1,0,0,1,1,1,0,Excellent,Very High,Very High,Very Low,Medium,Average,2,10,11,12
MS,F,15,Rural,GT3,T,Secondary,Secondary,other,services,course,father,2,10,0,0,0,0,0,0,1,1,0,Good,Very Low,Medium,Very Low,Very Low,Good,0,14,16,16
MS,M,16,Urban,GT3,T,Primary,Primary,at_home,services,home,mother,2,20,0,0,1,0,1,1,1,0,1,Excellent,High,Very High,High,Very High,Average,0,7,0,0
MS,M,17,Urban,GT3,T,Primary,Primary,other,other,home,mother,1,20,0,0,0,1,0,0,1,1,0,Good,High,Medium,Low,High,Very Good,4,8,9,9
MS,M,15,Rural,LE3,T,Higher,Primary,health,services,reputation,father,1,20,0,0,1,0,1,1,1,1,0,Excellent,Medium,High,Very Low,Low,Bad,0,12,13,14
MS,M,15,Rural,LE3,T,Higher,Primary,health,services,reputation,father,1,20,0,0,1,0,1,1,1,1,0,Excellent,Medium,High,Very Low,Low,Bad,7,7,9,8
MS,M,16,Rural,GT3,T,Secondary,Higher,other,health,other,mother,3,20,0,0,0,0,0,0,1,0,0,Neutral,High,Very High,Very Low,Low,Very Good,4,9,10,11
MS,M,15,Rural,GT3,T,Primary,Primary,other,other,course,mother,4,20,0,0,1,0,1,1,1,0,1,Excellent,High,Very High,Low,High,Good,8,7,9,9
MS,M,15,Urban,LE3,T,Secondary,Secondary,at_home,at_home,reputation,father,1,20,0,0,1,0,1,1,1,1,0,Excellent,Medium,Medium,Very Low,Very Low,Very Good,0,11,11,11
MS,M,17,Rural,GT3,T,Middle,Primary,other,other,other,mother,3,10,0,0,0,0,1,1,0,0,1,Excellent,Very High,Very High,Very High,Very High,Average,8,8,10,9
MS,F,16,Rural,GT3,T,Higher,Higher,teacher,teacher,course,mother,2,30,0,0,0,0,1,1,1,1,1,Good,Low,Low,Very Low,Very Low,Good,6,16,16,17
MS,F,15,Rural,GT3,T,Primary,Middle,other,services,course,mother,2,10,0,0,0,0,0,1,1,0,0,Excellent,Very Low,Low,Very Low,Very Low,Very Bad,3,11,13,13
MS,F,16,Rural,GT3,T,Middle,Secondary,other,services,course,mother,3,20,0,0,1,0,0,1,1,1,0,Good,Very High,High,Very Low,Low,Very Bad,2,15,15,15
MS,M,16,Rural,GT3,T,Primary,Middle,other,other,course,father,2,20,0,0,0,0,0,1,1,0,0,Good,Medium,Medium,Very Low,Very Low,Very Good,0,10,11,11
MS,F,16,Rural,GT3,T,Middle,Middle,other,other,course,mother,3,20,0,0,1,0,0,1,1,1,0,Good,High,Very High,Very Low,Very Low,Good,4,9,10,11
MS,F,16,Urban,GT3,T,Primary,Middle,other,services,course,mother,1,30,1,0,1,0,0,1,1,0,0,Very Bad,Medium,Low,Very Low,Low,Good,0,10,8,8
MS,F,16,Urban,GT3,T,Primary,Middle,other,services,course,mother,1,30,1,0,1,0,0,1,1,0,0,Very Bad,Medium,Low,Very Low,Low,Good,3,9,8,8
MS,F,15,Urban,GT3,T,Middle,Primary,at_home,other,home,mother,1,20,0,1,1,0,0,0,1,1,0,Good,High,Low,Medium,Medium,Bad,0,9,10,9
MS,F,16,Urban,GT3,T,Primary,Primary,at_home,other,course,father,1,20,0,0,1,0,0,0,1,0,1,Excellent,High,Medium,Low,Very Low,Bad,0,13,14,15
MS,M,17,Rural,LE3,T,Primary,Middle,at_home,services,reputation,mother,1,10,0,0,1,0,1,1,1,1,0,Excellent,Very High,Very High,Very High,Very High,Average,4,10,11,11
MS,F,16,Rural,GT3,T,Primary,Primary,other,other,home,father,4,40,0,0,1,0,0,0,1,1,0,Good,Medium,Low,Very Low,Very Low,Very Bad,0,13,10,13
MS,F,16,Rural,GT3,T,Primary,Primary,at_home,other,other,father,4,30,0,1,1,0,0,1,1,0,0,Good,High,Medium,Very Low,Very Low,Very Good,2,10,9,10
MS,F,15,Rural,GT3,T,Primary,Primary,at_home,other,home,father,2,20,0,0,1,0,1,1,1,1,0,Good,Medium,Medium,Very Low,Very Low,Bad,1,11,10,11
MS,F,16,Rural,GT3,T,Primary,Primary,at_home,other,other,mother,2,10,0,0,0,0,1,1,1,1,1,Good,Low,Low,High,Medium,Bad,0,13,12,14
MS,F,15,Rural,GT3,T,Primary,Primary,at_home,at_home,course,father,3,20,0,0,1,0,0,1,1,0,0,Good,Low,Very Low,Very Low,Low,Bad,0,13,14,14
MS,F,15,Rural,LE3,T,Middle,Middle,other,other,other,father,1,30,0,1,1,0,0,1,1,0,0,Good,High,Medium,Low,Low,Very Good,2,14,11,12
MS,M,16,Rural,GT3,T,Primary,Primary,at_home,other,other,father,2,10,0,0,0,0,1,1,1,0,0,Neutral,High,High,Medium,High,Very Good,6,11,11,11
MS,F,18,Urban,GT3,T,Primary,Middle,other,other,course,father,1,20,1,0,1,0,1,1,1,1,1,Neutral,High,High,Low,Medium,Very Good,9,9,8,8
MS,M,15,Urban,GT3,T,Secondary,Primary,other,services,home,mother,2,10,0,0,1,0,0,1,1,0,0,Neutral,Low,Medium,Very Low,Medium,Good,0,10,9,11
MS,F,16,Rural,GT3,T,Middle,Middle,other,services,course,father,3,20,0,0,1,0,1,1,1,1,0,Excellent,Medium,High,Very Low,Very Low,Bad,1,14,13,14
MS,M,15,Urban,GT3,T,Middle,Middle,health,other,reputation,mother,3,10,0,0,0,0,0,1,1,0,0,Good,Medium,Medium,Very Low,Low,Good,1,13,12,13
MS,M,16,Urban,GT3,T,Higher,Higher,other,teacher,course,father,1,20,0,0,1,0,1,1,1,0,1,Good,Medium,Very Low,Very Low,Very Low,Average,0,13,12,13
MS,F,15,Rural,GT3,T,Secondary,Secondary,services,other,reputation,mother,1,20,0,0,1,0,0,1,1,1,1,Good,Very High,High,Very Low,Very Low,Very Bad,4,13,12,12
MS,F,16,Rural,GT3,T,Middle,Middle,at_home,other,course,mother,2,20,1,0,1,0,1,0,1,0,0,Good,High,High,Low,Medium,Very Good,2,12,11,12
MS,F,16,Rural,LE3,T,Middle,Middle,other,other,home,father,3,10,0,0,1,0,1,1,1,0,1,Good,Medium,Low,Very Low,Very Low,Good,0,14,14,16
MS,M,16,Urban,LE3,T,Middle,Primary,at_home,services,course,mother,2,10,0,0,1,0,1,1,1,1,0,Bad,High,Medium,Low,Medium,Good,4,10,8,10
MS,M,15,Rural,LE3,T,Primary,Secondary,at_home,other,reputation,father,3,10,0,0,1,0,1,1,1,1,0,Good,Low,High,Medium,Very High,Average,2,10,11,11
MS,F,15,Urban,GT3,T,Middle,Middle,other,services,course,mother,2,30,0,0,1,0,1,1,1,0,0,Excellent,Medium,Low,Very Low,Very Low,Good,0,12,13,14
MS,F,16,Rural,LE3,T,Middle,Primary,other,other,home,mother,1,10,0,0,1,0,0,1,1,1,1,Excellent,High,Medium,Very Low,Very Low,Very Good,2,10,8,8
MS,M,15,Urban,GT3,T,Secondary,Secondary,services,services,course,father,2,10,0,0,1,0,1,0,1,1,0,Good,Medium,Medium,Low,High,Average,11,12,10,11
MS,F,16,Rural,GT3,T,Primary,Primary,at_home,other,course,father,2,20,3,1,1,0,0,1,1,0,0,Neutral,High,Medium,Very Low,Very Low,Very Bad,0,7,7,8
MS,F,17,Urban,GT3,T,Middle,Middle,other,at_home,course,mother,1,10,0,0,1,0,1,1,0,0,0,Good,Very High,Medium,Very Low,Very Low,Very Good,4,9,9,10
MS,F,19,Urban,GT3,T,Middle,Secondary,at_home,services,course,other,1,10,1,0,0,0,0,1,0,1,1,Good,High,High,Very Low,Very Low,Bad,0,9,9,10
MS,F,17,Rural,GT3,T,Middle,Primary,at_home,other,course,mother,3,10,0,0,1,0,1,1,0,0,1,Excellent,Very High,Medium,Very Low,Very Low,Average,2,9,10,11
MS,F,15,Rural,LE3,T,Primary,Primary,at_home,other,course,mother,2,10,0,0,1,0,0,1,0,0,1,Excellent,Low,Very Low,Very Low,Medium,Good,0,9,10,9
MS,F,16,Rural,GT3,T,Middle,Middle,other,other,course,father,3,20,0,0,1,0,0,1,0,1,0,Neutral,High,Very High,Very Low,Low,Very Bad,1,9,10,11
MS,F,16,Urban,LE3,A,Middle,Middle,other,other,home,mother,1,10,0,0,1,0,0,1,0,0,0,Good,Medium,High,Very Low,Low,Very Bad,6,7,7,8
MS,F,17,Rural,GT3,T,Middle,Middle,at_home,other,course,mother,2,20,0,0,1,0,0,1,1,1,0,Good,Medium,Very High,Very Low,Low,Good,0,11,10,11
MS,F,16,Urban,GT3,T,Middle,Middle,other,services,course,father,1,10,1,0,1,1,1,0,1,1,0,Good,High,Medium,Very Low,High,Average,1,9,10,10
MS,F,18,Rural,LE3,A,Secondary,Middle,other,other,course,other,2,30,2,0,1,0,0,0,0,0,1,Neutral,Medium,Low,Very Low,Very Low,Bad,6,7,9,10
MS,F,19,Urban,GT3,T,Primary,Primary,at_home,services,course,mother,1,30,1,0,0,0,1,1,0,0,1,Excellent,Medium,Very Low,Very Low,Very Low,Average,6,7,9,9
MS,M,18,Rural,GT3,T,Primary,Primary,other,other,home,mother,2,10,1,0,0,0,1,1,0,1,0,Good,High,Medium,Medium,High,Good,0,8,9,10
MS,F,18,Rural,GT3,T,Primary,Primary,at_home,at_home,course,mother,2,10,1,0,0,0,0,0,0,1,1,Neutral,Low,Medium,Very Low,Very Low,Bad,4,9,11,10
MS,F,19,Urban,GT3,T,Primary,Primary,other,other,course,other,2,20,1,0,1,0,0,1,1,1,1,Very Bad,Very Low,High,High,Very Low,Very Bad,12,7,8,9
MS,F,16,Rural,GT3,A,Middle,Middle,health,other,course,mother,1,20,0,0,0,0,0,0,1,0,1,Neutral,Medium,Low,Very Low,Very Low,Average,2,8,10,10
MS,F,17,Urban,GT3,T,None,Primary,other,at_home,course,father,2,10,0,0,0,0,1,0,1,0,0,Bad,High,High,Medium,Very High,Very Good,5,9,9,10
MS,F,16,Rural,LE3,T,Primary,Middle,at_home,other,course,mother,1,20,0,0,0,0,1,1,0,1,0,Good,High,Very High,Very Low,Medium,Average,0,8,9,9
MS,F,16,Urban,GT3,T,Secondary,Secondary,other,other,reputation,mother,1,10,0,0,0,0,1,1,0,1,1,Good,Very High,High,Very Low,Very Low,Good,0,14,13,13
MS,F,16,Rural,LE3,T,Primary,Primary,services,services,home,mother,1,10,0,0,1,0,1,1,1,1,1,Good,High,High,Low,Low,Good,2,14,14,14
MS,M,17,Urban,GT3,T,Secondary,Secondary,services,at_home,course,mother,2,40,1,0,1,1,1,1,1,0,0,Excellent,High,Very High,Medium,High,Very Good,0,10,11,10
MS,F,16,Urban,GT3,T,Middle,Primary,other,services,course,mother,1,20,0,0,1,0,1,1,1,1,0,Excellent,Medium,Medium,Very Low,Very Low,Very Bad,0,14,13,14
MS,F,16,Urban,GT3,T,Middle,Middle,services,other,course,mother,1,10,0,0,1,1,1,1,1,0,1,Good,Low,Very High,Very Low,Low,Very Good,0,17,16,16
MS,M,17,Urban,GT3,T,Primary,Middle,other,other,course,father,1,10,1,0,1,0,1,1,0,1,1,Excellent,Medium,Very High,Very High,Very High,Very Bad,12,6,7,7
MS,M,16,Urban,LE3,T,Higher,Secondary,other,other,course,father,1,10,0,0,0,0,1,1,1,1,0,Good,Low,Very High,Very Low,Very High,Very Good,8,14,12,13
MS,M,17,Rural,LE3,T,Middle,Middle,services,services,other,mother,3,40,1,0,1,0,0,1,1,0,0,Very Bad,Medium,Very High,Medium,Very High,Average,2,10,8,9
MS,F,16,Urban,GT3,T,Primary,Primary,other,other,course,other,1,40,0,1,1,0,1,1,1,1,0,Bad,Low,Very Low,Very Low,Very Low,Very Good,0,14,14,14
MS,F,19,Urban,LE3,T,Middle,Middle,other,other,home,mother,1,30,0,0,0,0,0,1,1,1,1,Excellent,High,Very High,Very Low,Very Low,Very Bad,0,12,13,13
MS,F,17,Rural,GT3,T,Primary,Primary,at_home,other,reputation,mother,2,10,0,0,1,0,1,0,1,1,1,Good,High,Very High,Very Low,Low,Very Good,0,11,11,11
MS,F,20,Urban,GT3,T,Secondary,Secondary,at_home,services,other,mother,2,20,1,0,0,0,1,1,1,1,1,Neutral,Medium,High,Low,High,Average,8,11,9,10
MS,F,17,Urban,LE3,T,Primary,Primary,other,services,course,father,1,30,0,0,1,0,0,1,1,0,1,Good,Medium,Medium,Very Low,Very Low,Average,0,11,11,10
MS,M,17,Rural,GT3,T,Middle,Middle,other,other,course,mother,3,10,1,0,1,0,0,0,1,1,0,Good,High,Very High,Very Low,Low,Very Good,0,10,9,9
MS,F,16,Rural,LE3,T,Primary,Primary,at_home,other,course,father,3,20,0,0,1,0,0,1,1,0,0,Excellent,Medium,Low,Very Low,Very Low,Very Bad,0,16,17,18
MS,F,17,Rural,GT3,T,Middle,Middle,other,other,reputation,mother,2,20,0,0,1,0,1,1,1,0,0,Excellent,Medium,Low,Very Low,Very Low,Very Bad,0,15,17,17
MS,F,17,Urban,GT3,A,Primary,None,other,other,other,mother,2,20,0,0,0,0,0,1,1,1,1,Good,High,Very High,Very Low,Very Low,Good,1,11,9,10
MS,F,18,Rural,GT3,T,Primary,Primary,at_home,other,other,mother,1,20,1,0,1,0,0,1,1,1,1,Good,Medium,Low,Very Low,Very Low,Very Good,9,7,7,7
MS,F,16,Urban,GT3,T,Secondary,Primary,other,other,course,mother,1,10,0,0,0,0,1,1,1,1,0,Neutral,Very Low,Medium,Very Low,Medium,Very Bad,0,8,6,8
MS,F,16,Urban,GT3,T,Secondary,Middle,services,at_home,course,mother,1,10,0,0,0,0,0,1,1,1,0,Neutral,Very Low,Medium,Very Low,High,Average,2,7,6,7
MS,F,18,Urban,LE3,T,Primary,Primary,other,at_home,reputation,mother,2,20,0,1,0,0,0,1,1,0,0,Bad,Medium,Very High,Very Low,High,Average,8,9,8,10
MS,F,16,Rural,GT3,T,Higher,Higher,health,teacher,reputation,father,1,20,0,0,0,0,1,0,1,1,1,Good,Medium,Medium,Low,Medium,Bad,0,14,16,16
MS,F,16,Rural,LE3,T,Primary,Middle,other,other,reputation,mother,2,10,0,0,0,0,1,1,1,1,0,Excellent,High,Very High,Very Low,High,Bad,0,14,14,15
MS,F,18,Urban,GT3,A,Middle,Higher,other,services,reputation,father,1,20,1,0,1,0,0,1,1,1,0,Bad,Medium,Low,Very Low,Medium,Very Bad,8,8,5,8
MS,M,16,Rural,GT3,T,Middle,Primary,other,services,reputation,mother,2,20,0,0,0,0,1,1,1,1,0,Excellent,Low,Very Low,Very Low,Very Low,Bad,0,8,7,0
MS,F,16,Urban,LE3,T,Primary,Primary,at_home,other,other,mother,3,20,0,0,1,0,0,1,1,1,0,Good,Medium,Low,Very Low,Medium,Very Good,6,6,8,8
MS,F,16,Rural,GT3,T,Middle,Secondary,at_home,services,other,mother,2,20,0,0,1,0,1,1,1,1,0,Neutral,Medium,Medium,Very Low,Very Low,Bad,0,8,10,10
MS,F,16,Urban,GT3,T,Higher,Higher,health,health,course,mother,1,20,0,0,1,0,0,1,1,1,1,Good,Medium,High,Very Low,Low,Average,4,8,8,8
MS,M,18,Urban,LE3,T,Higher,Higher,at_home,health,home,mother,1,40,0,0,1,0,1,1,0,1,1,Excellent,Very High,Very High,Very High,Very High,Very Good,2,5,6,6
MS,F,16,Rural,LE3,T,Secondary,Higher,at_home,other,other,mother,3,20,0,0,1,0,0,0,1,0,0,Good,Low,Very Low,Very Low,Very Low,Bad,2,7,9,8
MS,M,17,Urban,LE3,T,Higher,Higher,other,services,home,mother,1,30,0,0,1,0,0,1,1,1,0,Good,High,Medium,Very Low,Low,Very Good,0,15,14,16
MS,F,17,Rural,GT3,T,Higher,Primary,other,other,other,mother,1,10,0,0,0,0,0,1,1,1,1,Good,Low,Medium,Very Low,Low,Very Good,1,13,14,14
MS,M,16,Urban,LE3,T,Middle,Middle,services,services,other,mother,4,30,0,0,0,0,0,1,1,0,0,Excellent,Very Low,Medium,Low,Low,Average,0,10,9,10
MS,F,17,Rural,GT3,T,Middle,Middle,at_home,other,other,mother,1,10,0,0,1,1,0,1,1,1,0,Excellent,Very Low,Medium,Very Low,Low,Very Good,5,9,9,9
MS,F,16,Urban,LE3,T,Higher,Higher,services,services,other,father,2,10,0,0,1,0,0,1,1,0,0,Excellent,Very Low,Medium,Very Low,Low,Very Good,1,11,11,11
MS,M,17,Urban,GT3,T,Secondary,Secondary,services,services,home,mother,1,10,0,0,1,0,1,1,1,1,0,Good,Very Low,High,Very High,Very High,Average,8,7,10,9
MS,M,17,Urban,GT3,T,Primary,Primary,at_home,services,other,mother,3,20,0,0,0,0,0,1,1,1,1,Excellent,Very Low,Medium,Medium,Medium,Very Bad,0,10,10,10
MS,M,16,Urban,GT3,T,Middle,Primary,health,services,other,mother,2,20,0,0,0,0,0,0,1,1,1,Good,Low,Low,Very Low,High,Very Good,2,9,7,8
MS,F,16,Urban,LE3,T,Middle,Primary,other,services,other,mother,1,20,0,0,0,0,0,1,1,1,1,Neutral,Low,Low,Very Low,Very Low,Average,0,14,15,16
MS,M,16,Urban,LE3,T,Higher,Higher,teacher,health,other,father,1,10,0,0,1,0,0,1,1,1,0,Good,Very Low,Low,Low,Very High,Very Good,0,11,12,12
MS,M,15,Rural,GT3,T,Primary,Middle,other,services,course,mother,3,20,0,0,1,0,1,1,1,0,0,Excellent,Very High,Very High,Very Low,Medium,Very Good,11,9,11,10
MS,M,15,Urban,LE3,A,Middle,Middle,other,other,reputation,mother,3,40,0,0,1,0,1,1,1,0,0,Excellent,High,Very High,Low,Medium,Very Good,8,13,14,14
MS,M,15,Urban,LE3,A,Middle,Primary,services,services,course,mother,1,10,0,0,0,0,1,1,1,1,0,Good,Medium,Medium,Very Low,Low,Very Good,11,12,13,12
MS,F,16,Rural,LE3,T,Middle,Middle,other,other,course,mother,1,30,0,0,1,0,0,0,1,0,1,Good,Medium,Medium,Low,Low,Very Good,2,11,11,11
MS,F,16,Urban,LE3,T,Higher,Primary,other,other,home,mother,2,20,0,0,1,0,1,1,1,1,0,Very Bad,Low,High,Low,Low,Very Bad,8,9,10,10
MS,F,17,Urban,GT3,T,Secondary,Middle,at_home,other,home,mother,2,10,0,0,0,0,0,1,1,0,1,Good,Medium,Medium,Low,Low,Very Bad,5,9,11,11
MS,F,17,Rural,GT3,T,Middle,Middle,other,other,other,mother,2,20,0,1,0,1,0,1,1,0,0,Excellent,Very Low,Medium,Very Low,Very Low,Very Good,0,11,9,11
MS,F,16,Urban,GT3,T,Higher,Higher,teacher,services,course,mother,2,30,0,0,1,0,0,1,1,1,1,Excellent,Medium,Very High,Very Low,High,Very Good,1,10,11,12
MS,M,17,Rural,GT3,T,Higher,Higher,health,other,course,father,3,10,3,0,0,0,1,1,1,1,1,Neutral,Medium,Medium,Very Low,Medium,Very Good,2,9,9,8
MS,M,17,Rural,LE3,T,Primary,Secondary,other,other,course,father,2,10,0,0,0,0,1,1,1,0,1,Excellent,Very Low,Low,Medium,Medium,Very Good,2,12,11,12
MS,M,17,Urban,GT3,T,Secondary,Higher,services,other,other,mother,1,20,1,0,1,0,1,0,1,1,1,Excellent,High,High,Medium,High,Very Good,8,8,9,8
MS,F,17,Urban,GT3,T,Higher,Higher,health,health,course,father,1,20,0,0,1,0,0,1,1,1,0,Excellent,Low,Very High,Very Low,Very Low,Very Good,0,13,15,16
MS,M,16,Rural,LE3,T,Higher,Primary,other,at_home,other,father,1,10,0,0,0,0,0,1,1,1,0,Good,Very Low,Low,Low,Very Low,Bad,0,10,11,11
MS,F,17,Urban,GT3,A,Primary,Primary,at_home,at_home,other,mother,1,20,0,0,0,0,1,1,1,1,1,Good,Very High,Very High,Very Low,Low,Average,2,11,10,11
MS,F,17,Rural,GT3,T,Higher,Middle,other,other,course,mother,2,20,0,1,1,0,0,0,1,1,0,Good,Medium,Medium,Low,Medium,Very Good,0,17,18,18
MS,M,16,Urban,LE3,A,Middle,Middle,other,services,course,father,2,20,0,0,1,0,0,0,1,1,1,Good,Very Low,Low,Low,Low,Very Good,0,12,13,13
MS,M,17,Urban,GT3,T,Secondary,Middle,other,other,other,father,2,20,0,0,1,1,0,1,1,1,0,Good,Very Low,Low,Low,Low,Very Bad,0,13,14,13
MS,M,19,Urban,GT3,T,Primary,Primary,other,other,other,mother,1,20,2,0,1,0,1,1,0,1,0,Good,High,Medium,Medium,High,Good,2,9,9,10
MS,M,17,Urban,LE3,A,Primary,None,other,other,home,mother,1,10,0,0,0,0,0,1,1,0,1,Good,Very Low,Low,Very Low,Very Low,Very Good,4,11,11,12
MS,F,17,Rural,GT3,T,Primary,Primary,at_home,at_home,course,father,2,10,0,0,1,0,1,1,0,1,1,Neutral,Very High,Very High,Low,Low,Good,3,10,11,10
MS,F,16,Rural,GT3,T,Primary,Middle,other,other,home,father,1,30,0,1,1,0,0,0,1,1,1,Good,Medium,High,Very Low,Very Low,Average,5,13,14,13
MS,M,16,Rural,LE3,T,Primary,Middle,other,at_home,course,mother,1,10,0,0,0,0,0,1,1,0,0,Good,High,High,Low,High,Very Good,4,9,10,11
MS,F,17,Rural,GT3,T,Secondary,Primary,other,other,course,mother,2,20,3,0,1,0,1,0,1,1,1,Excellent,High,High,Very Low,Very Low,Very Good,2,7,9,10
MS,M,17,Rural,GT3,T,Middle,Middle,other,other,course,mother,2,10,0,0,0,0,1,1,0,0,1,Excellent,Very High,Very High,Medium,Very High,Very Good,0,8,13,10
MS,M,18,Rural,GT3,T,Primary,None,at_home,at_home,course,other,3,10,1,1,1,0,0,1,1,0,0,Good,Medium,Low,Very Low,Very Low,Good,0,12,12,13
MS,M,17,Rural,GT3,T,Primary,Primary,other,services,course,mother,2,10,0,0,1,0,1,0,1,1,1,Good,Very High,Very High,Very Low,Medium,Bad,0,10,9,10
MS,M,18,Urban,LE3,T,Primary,Primary,at_home,at_home,course,mother,2,20,0,0,1,0,1,1,1,0,0,Good,Medium,Medium,Very Low,High,Very Good,6,10,9,10
MS,F,16,Rural,LE3,T,Middle,Middle,other,services,course,father,1,20,0,0,0,0,1,1,1,0,1,Excellent,High,Medium,Very Low,Very Low,Very Bad,0,11,13,12
MS,M,17,Urban,GT3,T,Middle,Middle,other,other,course,mother,1,10,1,0,0,0,1,1,1,0,1,Very Bad,Low,Very Low,Low,Medium,Very Good,0,7,0,0
MS,M,16,Rural,GT3,T,Secondary,Middle,services,other,course,father,2,10,0,0,0,0,0,1,1,1,0,Good,Very High,Very High,Low,Medium,Very Good,2,11,9,10
MS,M,16,Rural,LE3,T,Primary,Primary,at_home,other,course,mother,2,10,0,0,0,0,1,1,1,1,0,Good,Very High,Very High,Low,High,Very Good,0,10,10,9
MS,M,18,Rural,GT3,T,Primary,Primary,services,other,course,other,2,10,1,0,1,0,0,1,0,1,1,Excellent,Medium,Medium,Low,Medium,Very Good,2,9,7,9
MS,M,18,Rural,GT3,T,Secondary,Middle,services,other,course,mother,1,10,1,0,0,0,0,1,0,1,0,Bad,Medium,Very Low,Low,Low,Very Good,0,4,0,0
MS,M,19,Urban,GT3,T,Secondary,Middle,at_home,services,course,mother,2,10,3,0,0,0,1,1,1,0,0,Neutral,Low,Very Low,Very Low,Very Low,Average,4,6,11,9
MS,M,18,Urban,GT3,T,Secondary,Secondary,at_home,at_home,course,mother,1,20,2,0,1,0,1,1,0,1,0,Good,High,Very High,Very Low,Medium,Average,9,4,8,8
MS,M,16,Rural,GT3,T,Middle,Middle,services,services,course,mother,2,10,0,0,1,0,1,1,1,1,1,Excellent,High,Medium,Low,High,Good,6,7,8,8
MS,M,19,Urban,GT3,T,Middle,Primary,at_home,other,course,other,2,10,3,0,0,0,1,0,0,1,1,Good,High,Medium,Very Low,Medium,Very Good,4,8,9,9
MS,F,16,Urban,GT3,A,Secondary,Middle,services,at_home,course,mother,2,20,2,0,1,0,1,1,1,0,1,Bad,Very High,Very High,Very Low,Very Low,Very Bad,8,5,5,7
MS,F,17,Urban,GT3,T,Primary,Primary,other,at_home,course,mother,1,10,0,0,1,0,1,1,1,0,0,Good,Medium,Low,Very Low,Low,Very Good,9,7,9,10
MS,M,20,Rural,GT3,T,Primary,Primary,other,other,course,other,2,10,1,0,1,0,0,1,0,1,1,Good,High,Medium,Low,High,Good,12,8,11,10
MS,F,18,Rural,GT3,A,Higher,Secondary,services,services,course,mother,1,10,0,0,1,0,0,1,1,1,0,Excellent,High,High,Medium,High,Bad,8,10,11,10
MS,M,18,Rural,GT3,T,Secondary,Middle,other,other,course,mother,2,10,0,0,1,0,0,0,1,1,0,Bad,Very High,Very High,Very High,Very High,Very Good,8,9,10,11
MS,M,19,Rural,GT3,T,Primary,Primary,other,services,home,other,3,20,1,0,0,0,0,1,1,1,0,Excellent,High,High,Medium,Medium,Bad,8,10,9,11
MS,M,17,Urban,GT3,T,Secondary,Secondary,health,other,course,mother,2,20,1,0,1,0,0,1,1,1,0,Good,Very High,High,Low,Medium,Average,4,8,9,10
MS,M,18,Urban,LE3,T,Primary,Secondary,at_home,services,course,mother,1,10,0,0,0,0,0,1,0,1,1,Good,Medium,Medium,Low,Medium,Average,0,9,10,9
MS,M,19,Rural,GT3,T,Primary,Primary,other,other,home,other,3,10,1,0,1,0,0,1,1,1,0,Good,High,High,Medium,Medium,Very Good,4,8,9,10
MS,F,18,Urban,GT3,A,Primary,Middle,at_home,other,course,mother,2,20,2,0,1,0,0,1,1,0,0,Good,Medium,Medium,Very Low,Very Low,Very Good,2,6,8,8
MS,F,19,Urban,LE3,A,Primary,Primary,at_home,other,course,mother,1,10,0,0,1,0,0,1,0,0,0,Very Bad,High,High,Very Low,Very Low,Very Good,0,6,8,7
MS,F,18,Rural,GT3,T,Middle,Middle,other,other,other,mother,2,10,1,0,0,0,0,1,0,1,1,Excellent,Very High,Very High,Very Low,Very Low,Average,0,8,6,0
MS,F,17,Rural,GT3,T,None,None,at_home,other,course,mother,2,10,0,0,1,0,0,1,1,1,0,Good,High,Medium,Very Low,Very Low,Very Good,0,10,11,11
MS,F,17,Rural,LE3,A,Secondary,Primary,other,at_home,course,other,2,30,0,0,1,1,0,1,0,0,0,Good,Low,Medium,Low,Low,Average,5,8,7,8
MS,F,17,Urban,GT3,T,Higher,Middle,teacher,services,home,mother,1,20,0,1,1,0,1,1,1,1,0,Excellent,Very High,Very High,Very Low,Medium,Very Good,0,8,8,0
MS,F,18,Rural,LE3,T,Middle,Middle,services,services,course,mother,1,20,1,0,1,0,1,1,1,1,0,Bad,Medium,Medium,Very Low,Low,Good,3,7,6,8
MS,F,17,Urban,GT3,T,Higher,Primary,health,at_home,course,mother,1,10,0,0,1,0,0,1,1,0,1,Neutral,Low,Low,Very Low,Very Low,Very Good,0,8,10,9
MS,F,17,Urban,LE3,T,Primary,Middle,at_home,other,course,father,1,10,0,0,0,0,0,1,1,1,0,Excellent,Very High,Very Low,Very Low,Very Low,Average,0,7,10,10
MS,F,18,Urban,GT3,T,Primary,Primary,other,other,course,mother,3,20,2,0,0,0,1,1,1,0,1,Neutral,High,High,Low,Low,Very Good,3,7,8,7
MS,F,18,Urban,GT3,T,Middle,Middle,services,at_home,reputation,father,2,20,0,0,0,0,1,0,1,1,0,Good,Medium,Very High,Very Low,Very Low,Very Bad,2,12,13,14
MS,F,17,Urban,GT3,T,Secondary,Secondary,services,services,course,mother,2,10,0,0,1,0,0,1,1,1,0,Good,High,Medium,Very Low,Very Low,Good,0,11,12,13
MS,F,18,Urban,LE3,A,Primary,Middle,at_home,other,reputation,mother,2,20,0,0,0,0,0,1,1,1,0,Good,High,Medium,Very Low,Low,Good,0,12,13,14
MS,F,18,Urban,GT3,T,Higher,Higher,teacher,teacher,reputation,mother,2,20,0,0,0,0,1,0,1,1,0,Good,Medium,Very High,Very Low,Low,Very Bad,0,18,18,18
MS,M,18,Urban,LE3,T,Higher,Higher,services,other,reputation,mother,1,10,0,0,1,0,1,1,1,1,0,Excellent,High,Very High,Very Low,Very Low,Very Good,3,17,17,17
MS,F,17,Urban,GT3,T,Higher,Middle,other,other,course,mother,2,20,0,0,1,0,0,1,1,1,0,Good,Medium,Medium,Very Low,Low,Good,0,17,18,18
MS,F,18,Rural,GT3,T,Middle,Middle,at_home,other,course,mother,3,20,1,0,0,0,1,1,1,0,1,Good,Medium,Medium,Very Low,Very Low,Good,0,9,0,0
MS,M,18,Urban,LE3,T,Primary,Middle,at_home,services,home,mother,2,10,0,0,1,0,0,0,1,0,0,Good,Very Low,High,Very High,Very High,Very Bad,8,10,11,11
MS,M,18,Rural,GT3,T,Higher,Higher,at_home,services,other,mother,3,10,0,0,1,1,1,1,1,1,1,Bad,Very High,Very High,Very Low,Very Low,Very Bad,5,12,13,14
MS,M,17,Rural,GT3,T,Primary,Primary,other,services,other,father,3,10,0,0,0,0,0,0,0,0,0,Good,Low,Medium,Medium,High,Good,4,12,13,14
MS,F,18,Urban,GT3,T,Middle,Middle,other,other,course,mother,2,20,0,0,1,0,0,0,1,1,1,Very Bad,Medium,Very Low,Very Low,Very Low,Bad,4,8,8,10
MS,F,18,Urban,LE3,T,Middle,Middle,services,services,course,father,2,30,0,0,0,0,0,1,1,1,1,Excellent,High,Very High,Very Low,High,Average,0,11,12,13
MS,F,18,Rural,LE3,A,Higher,Middle,teacher,other,reputation,mother,1,20,0,0,0,0,1,1,1,1,1,Excellent,Medium,Very Low,Very Low,Very Low,Very Good,0,5,0,0
MS,F,18,Urban,GT3,T,Primary,Primary,at_home,services,course,mother,3,20,1,0,0,0,0,1,0,0,0,Good,High,Low,Very Low,Low,Bad,2,9,10,10
MS,F,19,Urban,GT3,T,Primary,Primary,at_home,services,other,father,2,10,1,0,0,0,0,1,0,0,0,Excellent,Very High,Very High,Low,Medium,Bad,0,5,0,0
MS,F,17,Urban,GT3,T,Higher,Middle,teacher,other,course,father,2,40,0,0,0,0,0,1,1,1,1,Good,Low,Medium,Medium,Very Low,Very Good,0,18,18,18
MS,F,17,Rural,LE3,A,Middle,Primary,services,other,reputation,mother,2,20,0,0,0,0,1,1,1,1,1,Excellent,Medium,Medium,Very Low,Low,Bad,5,11,11,12
MS,F,18,Urban,LE3,A,Primary,Primary,at_home,services,course,mother,1,20,0,0,0,0,0,1,1,0,1,Excellent,Low,Medium,Very Low,Low,Average,2,8,10,11
MS,F,18,Urban,GT3,T,Primary,Middle,at_home,at_home,course,father,2,20,0,0,1,0,0,1,0,0,0,Good,Very Low,Very Low,Very Low,Very Low,Good,0,11,11,12
MS,F,19,Rural,GT3,A,Primary,Primary,at_home,at_home,course,other,2,20,3,0,1,0,1,1,0,0,1,Neutral,Very High,High,Very Low,High,Very Bad,0,8,0,0
MS,F,18,Rural,GT3,T,Middle,Middle,services,other,home,mother,2,30,0,0,0,0,0,1,1,1,1,Good,Low,Very Low,Very Low,Very Low,Good,5,14,14,15
MS,M,17,Rural,GT3,T,Higher,Secondary,services,other,home,mother,2,20,1,0,1,1,1,0,1,1,1,Good,Very High,Very High,Very Low,Medium,Bad,4,10,11,11
MS,F,18,Urban,GT3,T,Secondary,Secondary,services,services,course,father,1,20,0,0,1,0,0,1,1,0,1,Excellent,Medium,High,Very Low,Very Low,Very Good,0,10,10,10
MS,F,17,Rural,GT3,T,Higher,Higher,teacher,services,other,father,2,20,0,0,1,1,1,1,1,1,0,Good,Medium,Medium,Very Low,Low,Very Good,2,12,12,12
MS,F,17,Urban,LE3,A,Secondary,Middle,services,other,reputation,mother,2,20,0,0,0,0,0,1,1,0,1,Very Bad,Low,Medium,Very Low,Low,Very Good,0,15,14,15
MS,M,18,Urban,LE3,T,Primary,Primary,other,services,home,father,2,10,0,0,0,0,0,0,1,1,1,Neutral,Medium,Low,Very Low,Low,Average,2,14,13,14
MS,F,18,Urban,LE3,T,Primary,Primary,at_home,services,course,father,2,30,0,0,0,0,0,1,1,1,0,Excellent,Medium,Low,Very Low,Very Low,Good,0,19,17,18
MS,F,18,Rural,LE3,A,Primary,Middle,at_home,other,course,mother,3,20,0,0,0,0,0,1,1,0,1,Good,Medium,High,Very Low,High,Very Good,0,16,15,15
MS,F,18,Urban,GT3,T,Secondary,Secondary,services,services,other,mother,2,20,0,0,1,0,0,1,1,1,1,Good,Medium,Low,Very Low,Medium,Average,6,13,12,13
MS,F,17,Urban,LE3,T,Higher,Higher,at_home,at_home,course,mother,1,20,0,0,1,0,1,1,1,1,1,Bad,Medium,High,Very Low,Very Low,Very Bad,4,15,14,15
MS,F,17,Rural,GT3,T,Primary,Middle,other,services,course,father,2,20,0,0,0,0,0,0,1,0,0,Neutral,Low,Low,Very Low,Low,Average,0,13,13,13
MS,M,18,Rural,GT3,T,Primary,Secondary,at_home,other,course,mother,2,20,0,0,1,1,0,1,1,0,0,Neutral,Medium,High,Low,High,Average,0,8,10,9
MS,M,18,Urban,LE3,T,Higher,Higher,teacher,services,other,mother,2,30,0,0,0,0,0,1,1,1,1,Good,Low,Low,Low,Low,Very Good,0,15,16,16
MS,F,17,Rural,GT3,T,Primary,Primary,other,services,reputation,mother,3,10,1,0,1,0,0,1,1,1,1,Excellent,Low,Very Low,Very Low,Low,Very Bad,0,8,8,9
MS,F,18,Urban,GT3,T,Middle,Secondary,at_home,services,course,father,2,10,0,0,1,0,0,1,1,1,1,Excellent,Low,Medium,Very Low,Low,Good,0,10,10,10
MS,F,18,Rural,GT3,T,Higher,Higher,other,teacher,other,father,3,20,0,0,1,0,0,0,1,1,1,Neutral,Low,Low,High,Low,Very Good,0,7,5,0
MS,M,18,Rural,LE3,T,Primary,Middle,at_home,services,other,father,3,10,0,0,1,0,1,1,0,1,1,Good,Medium,Medium,Low,Medium,Average,3,9,10,10
MS,F,17,Urban,GT3,T,Middle,Middle,other,at_home,home,mother,1,30,0,0,0,0,1,1,1,0,1,Neutral,High,Medium,Very Low,Very Low,Average,8,10,11,12
MS,F,17,Rural,GT3,T,Primary,Middle,other,other,course,mother,1,10,0,0,0,0,1,1,1,1,0,Neutral,Very High,Very High,Very Low,Medium,Very Bad,4,7,8,9
MS,F,18,Rural,LE3,T,Higher,Higher,other,other,reputation,mother,2,30,0,0,0,0,0,1,1,1,0,Excellent,High,High,Very Low,Very Low,Very Bad,0,15,17,17
MS,F,18,Rural,GT3,T,Primary,Primary,other,other,home,mother,4,30,0,0,0,0,0,1,1,1,0,Good,Medium,Low,Very Low,Low,Good,4,10,11,12
MS,F,19,Rural,GT3,T,Primary,Primary,at_home,other,course,other,2,20,1,0,1,0,0,1,1,1,1,Good,Medium,Medium,Very Low,Very Low,Average,4,7,8,9
MS,F,18,Rural,LE3,T,Higher,Higher,teacher,services,course,mother,1,20,0,0,0,0,1,1,1,1,0,Excellent,High,Medium,Medium,High,Bad,1,13,14,14
MS,F,18,Urban,GT3,T,Secondary,Secondary,other,other,home,mother,1,20,0,0,0,0,0,1,1,1,1,Good,Very Low,Medium,Very Low,Low,Very Bad,1,16,16,16
MS,F,17,Rural,GT3,T,Secondary,Primary,at_home,other,reputation,mother,1,20,0,0,1,0,1,0,1,1,0,Good,Very High,High,Low,Medium,Very Bad,10,8,9,9
MS,M,18,Urban,GT3,T,Higher,Higher,teacher,teacher,home,father,1,20,0,0,0,0,1,0,1,1,0,Neutral,Low,High,Very Low,High,Bad,4,17,18,19
MS,M,18,Rural,GT3,T,Middle,Primary,other,other,other,mother,2,10,0,0,0,0,1,0,1,1,1,Good,High,Medium,Very Low,Medium,Very Good,0,7,7,0
MS,M,17,Urban,GT3,T,Middle,Secondary,other,services,home,father,2,20,0,0,0,0,1,1,1,1,0,Good,High,Medium,Very Low,Very Low,Average,4,14,15,16
MS,M,19,Rural,GT3,T,Primary,Primary,other,services,other,mother,2,10,1,0,0,0,0,1,1,0,0,Good,Medium,Low,Very Low,Medium,Very Good,0,5,8,0
MS,M,18,Rural,GT3,T,Higher,Middle,other,other,home,father,2,10,1,0,0,1,0,1,1,0,0,Excellent,High,Medium,High,Medium,Average,0,7,7,0
MS,F,18,Rural,GT3,T,Middle,Middle,at_home,other,other,mother,2,30,0,0,0,0,0,1,1,0,0,Excellent,Medium,Medium,Very Low,Medium,Good,0,14,17,15
MS,F,17,Urban,GT3,T,Higher,Secondary,teacher,other,other,mother,2,20,0,0,0,0,0,1,1,1,0,Excellent,Very High,High,Very Low,Very Low,Very Bad,0,6,9,11
MS,F,18,Rural,GT3,T,Higher,Higher,teacher,at_home,reputation,mother,3,10,0,0,1,0,1,1,1,1,1,Good,High,Medium,Low,Low,Very Good,4,7,9,10
MS,F,19,Rural,GT3,T,Middle,Secondary,services,other,course,mother,1,30,1,0,0,0,1,0,1,1,0,Excellent,High,Low,Very Low,Low,Very Good,4,10,11,10
MS,F,18,Urban,LE3,T,Secondary,Primary,teacher,services,course,mother,1,20,0,0,1,0,0,1,1,1,0,Good,Medium,High,Very Low,Very Low,Very Bad,4,15,15,16
MS,F,18,Urban,GT3,T,Primary,Primary,other,other,course,mother,2,20,0,0,0,0,1,1,1,0,0,Very Bad,Very Low,Very Low,Very Low,Very Low,Very Good,6,11,12,9
MS,M,17,Urban,LE3,T,Secondary,Primary,services,services,course,mother,2,10,0,0,0,0,0,0,1,1,0,Bad,High,Very High,Medium,High,Bad,6,10,10,10
MS,M,18,Rural,LE3,T,Secondary,Middle,services,other,course,mother,3,10,0,0,0,0,0,0,1,1,0,Good,High,Very Low,Medium,High,Very Good,4,10,11,11
